Carbohydrates_g,Protein_g,Fat_g,Fiber_g,Total_Macros_g,Carbs_Protein_Ratio
-0.5340718942301559,-0.14909196565463795,-0.279887096476983,-0.34115762419043444,-0.6070198942405624,-0.13383400685250674
0.8883157355061583,-0.06234671073834885,-0.8896598578439897,0.5998230957439328,0.4673263651013465,-0.13382828058996346
1.164891107954886,-0.49607298531979444,1.509446088518004,1.0703134557111165,1.4745259832343862,-0.13382218983218225
-0.4945611267374805,-0.7042615971188884,-0.2698908217004747,0.011710145784953248,-0.6812346029451022,-0.13383115703406007
-1.158342020614427,2.2797751720014574,-0.799693384855415,-0.6940253941658221,-0.8544022565890284,-0.13383693465360255
-0.9015220319120371,-0.92979925990124,-0.7297194614198569,-0.8900630441521487,-1.253748070094409,-0.13383320259883286
-0.13896421930340191,-1.3635255344826855,0.30989311533700714,-0.8900630441521487,-0.29249089068322726,3.199628117158332
-1.1397719598928697,1.9900460205810513,-0.8226848168413841,-0.8900630441521487,-0.904938939183072,-0.1338368985394201
1.164891107954886,0.3713795638430967,-0.2698908217004747,2.560199595607198,1.0221696635114772,-0.13382959751023113
-1.0121521808915281,-0.634865393185857,-0.6097641641017572,-0.8900630441521487,-1.2502140363465735,-0.13383556482036085
0.3746757581013782,-1.2767802795663965,-0.9396412317265312,-0.3803651541876997,-0.257150553204875,-0.13373823784148373
0.019078850667299647,-0.3572805774537319,-0.6697418127608069,0.6782381557384635,-0.29249089068322726,-0.133830406401012
0.8883157355061583,-0.04499765975509108,2.2091853228735854,0.5998230957439328,1.5664108606781018,-0.13382839538735364
-1.036648856736987,-0.7563087500686617,-0.799693384855415,-0.8900630441521487,-1.364009923026868,-0.133835495447544
-1.1859995578593,1.5858131326711444,1.1095950974576718,-0.8900630441521487,-0.34550139690075565,-0.13383696889086047
-0.3365180567667789,-0.4093277304035053,-0.5897716145487405,-0.8900630441521487,-0.5928837592492215,-0.1338320667452264
1.9155956903157187,-0.2705353225374428,-0.9396412317265312,-0.49798774417949565,1.3260965658253066,-0.13382152352604296
1.3624449454182632,0.8918510933408315,-0.38984611901857436,3.0306899555743816,1.2624839583642726,-0.13383083212428393
-1.1267334066202868,2.4532656818340355,-0.7896971100789066,-0.811647984157618,-0.787255615380159,-0.13383689296526347
-0.020431916825375745,0.0590966461444558,0.109967619806841,-0.14511997420410794,0.03264021411761371,-0.13383248831819405
1.441466480403614,0.23258715597703403,0.30989311533700714,2.089709235640014,1.4462537132517044,-0.1338280139824659
-0.020431916825375745,-0.3434013366671256,-0.6017671442805504,0.5802193307453002,-0.3009725716780316,-0.13383070614895096
-0.2970072892741035,-0.9644973618677557,-0.3598572946890495,0.1685402657740146,-0.5893497255013862,-0.13382465908965424
-0.21798575428875272,0.544870073675675,-0.24989827214745802,0.09012520577948392,-0.1723337432568296,-0.1338341992585735
-1.0872226391276114,-0.49607298531979444,1.409483340752921,-0.8508555141548834,-0.5752135905100454,-0.1338362644345497
1.2834234104329123,0.544870073675675,0.5098186108671733,2.560199595607198,1.439185645756034,-0.13382993422290032
-0.8422558806730239,-1.2767802795663965,-0.9396412317265312,-0.8900630441521487,-1.3456329475381248,-0.13381428870992468
0.9041200425032284,-0.02764860877183317,2.29915179586216,1.9328791156509533,1.6158873331477952,-0.13382844306714747
1.1253803404622107,-1.2941293305496542,-0.9696300560560562,-0.8900630441521487,0.40017972389247725,-0.1336549037906128
-1.0038549197180664,1.707256489553949,0.1699452684658908,-0.4156519311852385,-0.4900433771872165,-0.13383664876875445
1.0068480379841844,-0.2705353225374428,1.9092970795783362,0.48220050575213697,1.520468421956244,-0.13382603084974176
0.17712192063800122,-1.3635255344826855,-0.9896226056090728,0.28616285576581046,-0.4691925780749886,4.187321486746903
-1.0872226391276114,-0.5828182402360835,1.509446088518004,-0.8900630441521487,-0.5575434217708692,-0.13383618212711643
1.0463588054768598,0.00704949319468251,2.0092598273434192,0.09012520577948392,1.6476936368783124,-0.1338280972203734
-0.6921149642008574,-0.8083559030184352,-0.6997306370903319,-0.8900630441521487,-1.0311039439807896,-0.13383198958837672
-0.4945611267374805,-0.6695634951523727,-0.539790240666199,-0.3019500941931691,-0.7695854466409828,-0.13383144944178083
1.0068480379841844,-1.3635255344826855,-0.9896226056090728,-0.34115762419043444,0.272954508970409,6.780016581916903
0.3746757581013782,-1.0165445148175292,-0.8226848168413841,1.0703134557111165,-0.16279185213767436,-0.1338123129923167
1.3980046361616711,0.5275210226924172,0.09997134503033273,1.5800113456755653,1.3932432070341765,-0.1338295408758773
-1.0872226391276114,0.4234267167928703,-0.9896226056090728,-0.8900630441521487,-1.236077901355233,-0.1338366456063439
-0.9647392599003177,-1.3461764834994279,-0.9896226056090728,-0.8900630441521487,-1.4869942974515338,-0.13376170111407312
0.21663268813067663,0.31933241089332315,0.109967619806841,-0.18432750420137317,0.29769274520525574,-0.13383242312517674
-0.5064143569852831,0.6316153285919641,0.2599117414544656,-0.8900630441521487,-0.2324123169700283,-0.13383510496859102
-1.193901711357835,2.6267561916666136,-0.7197231866433484,-0.7724404541603528,-0.787255615380159,-0.1338369890994061
0.7697834330281321,0.8918510933408315,1.609408836283087,0.9526908657193207,1.439185645756034,-0.13383225668093274
-1.174541435286424,-0.21675326448934343,-0.7027295195232843,-0.8234102431567977,-1.3431591239146403,-0.1338368576470096
-1.1859995578593,1.5858131326711444,2.109222575108502,-0.7998857251584385,0.007901977882767025,-0.13383696889086047
-0.6842128107023224,-1.2767802795663965,-0.9796263308325646,-0.3019500941931691,-1.2184077326160567,-0.13380441197376353
0.6117403630574305,-0.11439386368812228,-0.3198721955830162,-0.26274256419590375,0.4107818251359831,-0.13382911738505743
-1.1741463276114972,2.4532656818340355,-0.7497120109728734,-0.8900630441521487,-0.8155278853628408,-0.1338369603079626
0.9218998878749325,0.6385549489852671,-0.7976941299001133,0.6194268607425656,0.6726537258505733,-0.13383124402005128
-1.1188312531217517,1.4470207248050817,-0.639752988431282,-0.8900630441521487,-0.9321509990414033,-0.13383683753920092
-1.0516629483842035,0.7877567874412845,0.109967619806841,1.4231812256865044,-0.741313176658301,-0.13383661689653942
-1.0279564878885983,2.106284662168879,3.208812800524416,-0.6940253941658221,0.6440280524931078,-0.13383672741447405
-0.6130934292155067,0.09379474811097163,-0.8896598578439897,1.8544640556564227,-0.8438001553455227,-0.13383480053302
1.0518903129258343,-0.22369288488264655,0.12396240449395268,2.8072070345899696,0.9391198704373491,-0.13382626762447325
0.2956542231160274,-0.5828182402360835,-0.32986847035952455,2.9914824255771166,0.029106180369778436,-0.13382657957402885
-0.9805435668973879,1.0653416031734098,0.5098186108671733,0.3645779157603411,-0.4797946793184942,-0.1338365025380788
-1.1859995578593,1.5858131326711444,1.0096323496925887,-0.8900630441521487,-0.3808417343791079,-0.13383696889086047
0.6168767628314784,0.393933330121332,-0.7497120109728734,-0.05494265521039774,0.3669598066628262,-0.1338313830103311
-1.0872226391276114,1.4990678777548552,-0.20991317304142484,-0.14511997420410794,-0.741313176658301,-0.13383678072746558
1.5995095503743155,0.12849285007748715,0.8097068541624225,1.619218875672831,1.7431125480698633,-0.13382681244906938
-0.9528860296525149,-1.224733126616623,-0.8396784839614482,-0.6156103341712915,-1.3986434537556531,-0.1338271283928596
-0.7711364991862082,-1.3635255344826855,1.9092970795783362,-0.8900630441521487,-0.29249089068322726,1.22424137798119
1.8365741553303678,-0.2705353225374428,-0.899656132620498,-0.8900630441521487,1.269552025859943,-0.13382191546723415
-0.480732358115044,-0.6470097288741375,-0.9806259583102154,-0.8900630441521487,-0.9084729729309072,-0.13383151969176124
1.8286720018318328,0.21523810499377627,-0.6897343623138236,2.1289167656372796,1.4356516120081984,-0.13382658559218497
-0.8106472666788836,-0.02764860877183317,-0.7497120109728734,-0.811647984157618,-0.9957636065024374,-0.13383540180685044
1.7970633878376925,-0.18379006762115363,-0.8596710335144647,-0.49798774417949565,1.2660179921121075,-0.1338232065660182
-0.9054731086613046,0.18054000302726075,-0.6897343623138236,-0.4587802141822303,-1.0169678089894487,-0.1338359509248405
0.9278265029988337,-0.2878843735207005,2.109222575108502,0.7174456857357286,1.516934388208409,-0.1338262521071411
-1.1318698063943344,1.8755422840915503,-0.6167615564453129,-0.8900630441521487,-0.8483943992177083,-0.13383688154310527
1.156988954456351,-1.3635255344826855,-0.9596337812795478,-0.3019500941931691,0.4178498926316531,7.249170932471474
-1.1741463276114972,2.6267561916666136,-0.6897343623138236,-0.8900630441521487,-0.7589833453974771,-0.13383696225992403
-1.0279564878885983,-1.3635255344826855,-0.9896226056090728,-0.8900630441521487,-1.5470728711647328,0.4217405151904759
-0.18993310936895316,-0.8205002387067157,-0.82968220918494,-0.18824825720109972,-0.6303445169762749,-0.1338268640228227
0.45369729308672896,0.3713795638430967,-0.32986847035952455,1.1879360457029124,0.364839386414125,-0.1338318198180904
-0.5735826617228312,-0.6695634951523727,-0.6897343623138236,-0.8900630441521487,-0.8932766278152158,-0.13383206674859355
0.56432744206622,0.25514092225526935,-0.8806632105451323,0.5135665297499492,0.24538904573729423,-0.13383107693198984
-0.2574965217814281,-0.6695634951523727,-0.6597455379842987,0.20774779577127978,-0.599951826744892,-0.13382959752134266
1.9155956903157187,-0.010299557788575405,0.010004872041757928,-0.6940253941658221,1.7148402780871814,-0.133824500767813
1.8760849228230432,0.16319095204400297,-0.6097641641017572,0.28616285576581046,1.4957301857213974,-0.13382606202194727
-0.3760288242594543,-0.06234671073834885,1.0096323496925887,-0.3019500941931691,0.007901977882767025,-0.133833548280911
2.0736387602864204,0.1978890540105185,-0.6897343623138236,1.0703134557111165,1.6512276706261475,-0.13382561930606915
-1.2057549416056375,2.4532656818340355,-0.4898088667836574,-0.8900630441521487,-0.7519152779018068,-0.13383700520309535
-0.04808945407024849,0.9265491953073469,-0.08995787572332514,2.324954415623606,0.11392299031782382,-0.13383426473019713
-1.0595651018827386,-0.11439386368812228,-0.6297567136547738,-0.8900630441521487,-1.19366949638121,-0.13383637074816623
-1.166244174112962,1.4123226228385661,1.3295131425408544,-0.8900630441521487,-0.2854228231875567,-0.13383692803959907
-0.38393097775798934,-0.46137488335327875,0.22992291712494062,-0.26274256419590375,-0.35610349814426123,-0.13383206674574444
1.1253803404622107,-1.2941293305496542,-0.9796263308325646,-0.8900630441521487,0.39664569014464196,-0.1336549037906128
-0.6328488129618444,-0.00856465269024966,-0.3948442564068285,-0.16080298620301398,-0.707386452679083,-0.13383471302391456
0.7302726655354568,0.26728525794354985,0.30989311533700714,0.7566532157329942,0.8171957061370342,-0.13383056944197516
-0.7750875759354757,-0.010299557788575405,-0.9396412317265312,-0.8900630441521487,-1.0275699102329545,-0.13383527990759436
1.5995095503743155,0.11114379909422939,0.5098186108671733,0.6782381557384635,1.6335575018869712,-0.1338266925344572
-0.13896421930340191,-0.23583722057092707,-0.3798498442420661,-0.1059124442068426,-0.3066270256745681,-0.13383187680310463
0.2676015781962278,0.6611087152635023,-0.864669170902719,1.64274339367119,0.06833395497074943,-0.1338330601458769
-0.8659623411686292,-1.137987871700334,-0.6997306370903319,-0.22353503419863852,-1.253748070094409,-0.13382883780151916
0.3351649906087028,-1.2767802795663965,-0.9796263308325646,-0.26274256419590375,-0.3066270256745681,-0.133740707025524
2.2711925977497973,-0.42667678138676307,-0.8896598578439897,0.09012520577948392,1.6300234681391363,-0.1338168855606031
0.5761806723140227,0.1978890540105185,2.9788984806647254,0.7566532157329942,1.6088192656521252,-0.13383081840844616
-1.150439867115892,2.4532656818340355,-0.5597827902192156,-0.8900630441521487,-0.7271770416669602,-0.13383692663661304
1.1253803404622107,-1.2941293305496542,-0.9796263308325646,-0.8900630441521487,0.39664569014464196,-0.1336549037906128
1.1253803404622107,-1.311478381532912,-0.9796263308325646,-0.6156103341712915,0.3931116563968067,-0.13359420534306682
-1.055614025133471,-0.23583722057092707,0.010004872041757928,-0.8900630441521487,-0.9886955390067669,-0.13383628342828183
1.4019557129109386,-0.04499765975509108,0.9096696019275056,1.1487285157056473,1.5664108606781018,-0.1338262835457566
-0.4945611267374805,-0.16644101663789573,-0.3798498442420661,-0.8900630441521487,-0.6105539279883977,-0.13383378446851443
-1.1859995578593,2.2797751720014574,-0.82968220918494,-0.8900630441521487,-0.8897425940673805,-0.13383697580747336
0.05858961815997504,0.21523810499377627,0.20993036757192407,-0.8900630441521487,0.1704675302831875,-0.13383266369854938
1.1253803404622107,0.3366814618765812,1.609408836283087,-0.8900630441521487,1.6441596031304768,-0.13382957231414858
1.8997913833186484,-0.3225824754872162,-0.8896598578439897,-0.8900630441521487,1.3190284983296359,-0.13382083175112408
-0.8541091109208264,-0.09704481270486452,-0.5197976911131823,0.5998230957439328,-0.9674913365197556,-0.13383549998752214
-1.1899506346085675,1.4470207248050817,3.0588686788767916,-0.8900630441521487,0.3118288801965963,-0.13383697471875092
-0.7869408061832784,-1.3635255344826855,-0.9896226056090728,-0.8900630441521487,-1.3314968125467839,1.1748567095017612
2.0499322997908154,-1.311478381532912,-0.9896226056090728,-0.8900630441521487,1.2165415196424147,-0.1334979084494284
-0.6407509664603794,-0.634865393185857,-0.4898088667836574,-0.8900630441521487,-0.8756064590760396,-0.13383280163715588
-1.039809718136401,-0.7216106481021461,-0.23990199737094975,-0.8900630441521487,-1.161863192650693,-0.13383560375007486
-1.0279564878885983,-0.6175163422025992,-0.539790240666199,-0.8900630441521487,-1.236077901355233,-0.133835713165355
-0.4155395917521297,1.0653416031734098,1.509446088518004,0.011710145784953248,0.37897552140546586,-0.1338352414661952
-1.2057549416056375,2.2797751720014574,-0.7597082857493818,-0.8900630441521487,-0.8826745265717101,-0.13383700520309535
0.45369729308672896,-1.2767802795663965,-0.9896226056090728,-0.06670491420957725,-0.20414004698734659,-0.13373329947340315
-0.13896421930340191,0.7183605835082532,-0.4898088667836574,-0.06670491420957725,-0.1511295407698182,-0.13383422731780828
2.1921710627644466,-0.14909196565463795,-0.8696673082909732,0.2469553257685451,1.6229554006434657,-0.1338218370765883
-1.004250027392993,-0.6869125461356305,-0.5697790649957238,-0.8900630441521487,-1.2396119351030679,-0.13383539070845785
-1.004250027392993,-0.3052334245039584,2.4091108184037515,-0.8900630441521487,-0.10872113579579536,-0.1338359729842578
-0.7948429596818134,-0.02764860877183317,-0.7597082857493818,-0.8508555141548834,-0.9851615052589316,-0.13383533767100064
-1.2057549416056375,2.387339288097656,0.8117061091177241,-0.8900630441521487,-0.3052134121754341,-0.13383700520309535
0.04555106488739223,-0.7858021367402,0.010004872041757928,-0.2352972931978181,-0.11578920329146591,-0.13382526340314022
-1.0516629483842035,0.3713795638430967,-0.9696300560560562,-0.8900630441521487,-1.207805631372551,-0.13383652370305918
0.826283830542658,0.7183605835082532,1.3235153776749495,0.9017210767228758,1.3533086256836375,-0.1338317138460467
1.0068480379841844,0.12849285007748715,2.3091480706386682,-0.8900630441521487,1.7431125480698633,-0.13382896584780726
0.651251130550106,0.02439854417794027,-0.5297939658896907,1.4623887556837696,0.40017972389247725,-0.13382975183897913
-1.1267334066202868,2.6614542936331294,-0.7896971100789066,-0.8900630441521487,-0.7448472104061363,-0.13383689877066604
-0.9331306459061772,-1.2594312285831386,-0.7797008353023984,-0.7332329241630875,-1.3668371500251362,-0.13382280734753846
1.5204880153889648,-0.23583722057092707,0.7097441063973394,0.6390306257411982,1.5628768269302669,-0.13382389929200797
-0.6921149642008574,0.0590966461444558,-0.7597082857493818,-0.5764028041740262,-0.8756064590760396,-0.1338350478863048
0.6314957468037683,0.2499362069602921,-0.7197231866433484,0.5214080357494023,0.3613053526662897,-0.13383083212617314
1.164891107954886,0.30198335991006536,0.5298111604201898,2.8738598355853204,1.2907562283469542,-0.1338292888566833
-0.8145983434281511,1.5858131326711444,1.0096323496925887,-0.8900630441521487,-0.04864256208259665,-0.1338362862208448
-0.622180905738822,-0.882956822246444,-0.6977313821350303,-0.678342382166916,-0.9830410850102306,-0.13383042209009718
0.6907618980427813,0.30198335991006536,-0.5497865154427073,0.6390306257411982,0.48499653384052266,-0.13383083212596572
-0.05994268431805114,0.3713795638430967,-0.21990944781793312,-0.18432750420137317,-0.05571062957826696,-0.13383342481821098
-1.1859995578593,-1.2767802795663965,2.5090735661688344,-0.8900630441521487,-0.4338522405966363,-0.1338357706110752
0.05858961815997504,0.16319095204400297,-0.20991317304142484,1.776048995661892,0.011436011630602051,-0.13383251569288077
0.41418652559405356,-0.14909196565463795,-0.6497492632077904,0.050917675782218584,0.11038895656998855,-0.13382977388696987
1.7970633878376925,-1.2767802795663965,-0.9396412317265312,-0.6940253941658221,1.0151015960158067,-0.13364934721603325
1.441466480403614,-0.39197867942024756,0.9096696019275056,0.2469553257685451,1.5310705231997497,-0.1338222339223828
-1.1859995578593,1.4470207248050817,0.5098186108671733,0.28616285576581046,-0.5858156917535511,-0.1338369670976648
1.5204880153889648,-0.634865393185857,0.6097813586322564,0.3253703857630758,1.4462537132517044,-0.13381672226254832
-0.9923967971451904,-0.5654691892528257,-0.2598945469239664,-0.14511997420410794,-1.0947165514418238,-0.13383555587358417
-0.68816388745159,-0.7563087500686617,-0.7297194614198569,-0.8900630441521487,-1.0275699102329543,-0.133832384222319
-0.7711364991862082,-1.2767802795663965,-0.9396412317265312,-0.4587802141822303,-1.2820203400770906,-0.13380984417865216
-1.166244174112962,2.2797751720014574,-0.6797380875373153,-0.6940253941658221,-0.8190619191106759,-0.13383694641185134
-0.3365180567667789,-0.2878843735207005,-0.5997678893252488,-0.8900630441521487,-0.5716795567622102,-0.13383262431215104
-1.0674672553812736,1.2388321130059878,-0.9396412317265312,-0.8900630441521487,-1.034637977728625,-0.1338367171260546
-0.21798575428875272,0.7183605835082532,0.20993036757192407,0.011710145784953248,0.02557214662194316,-0.1338344330870888
-0.9726414133988527,-0.3052334245039584,-0.5497865154427073,-0.14511997420410794,-1.1265228551723407,-0.13383581106757741
-0.2970072892741035,0.544870073675675,-0.32986847035952455,0.4429929757548716,-0.2712866881962158,-0.13383442373413526
-0.9765924901481202,0.4928229207259014,0.4498409622081235,0.6782381557384635,-0.6140879617362329,-0.13383633597223205
-1.0161032576407956,-0.8430540049849509,-0.6897343623138236,-0.8900630441521487,-1.3244287450511136,-0.13383502982294077
1.2834234104329123,-0.09184009740988713,1.0096323496925887,0.28616285576581046,1.4861882946022422,-0.13382639391431742
0.256143455623352,1.4123226228385661,2.109222575108502,-0.8900630441521487,1.2624839583642726,-0.1338341501537333
0.36282252785357566,0.4754738697426436,-0.09995415049983342,1.4623887556837696,0.3860435889011364,-0.13383238121845137
-1.055614025133471,-1.2941293305496542,-0.8796635830674815,-0.3803651541876997,-1.518800601182051,-0.13382527663754562
-1.0674672553812736,0.1978890540105185,1.0096323496925887,-0.8900630441521487,-0.5575434217708692,-0.1338365250749075
1.0700652659724652,-1.3461764834994279,-0.9596337812795478,-0.3803651541876997,0.34363518392711356,-0.1331259370838035
1.121429263712943,-1.2767802795663965,-0.9696300560560562,-0.1059124442068426,0.40017972389247725,-0.13369157026312223
0.49320806057940436,0.16319095204400297,-0.5997678893252488,1.1095209857083816,0.2623524077269032,-0.1338309724237445
-0.6921149642008574,-0.8430540049849509,-0.7896971100789066,-0.1059124442068426,-1.069978315206977,-0.1338316552151767
-0.17847498679607732,-0.339931526470474,-0.47981259200714915,-0.8900630441521487,-0.39851190311828405,-0.1338315645285013
-1.1622930973636945,1.4990678777548552,-0.20991317304142484,-0.14511997420410794,-0.8084598178671702,-0.13383692289536442
1.2439126429402367,-0.6175163422025992,1.509446088518004,0.48220050575213697,1.520468421956244,-0.13381920379422813
0.3944311418477159,-0.14909196565463795,2.9988910302177416,-0.8900630441521487,1.3826411057906705,-0.1338298620737519
-0.5735826617228312,0.8918510933408315,-0.08995787572332514,-0.1059124442068426,-0.3631715656399318,-0.1338354856760033
1.6192649341206533,-0.47872393433653665,-0.5597827902192156,-0.3019500941931691,1.1529289121813802,-0.13381969639489558
-0.3720777475101867,-0.6175163422025992,-0.6597455379842987,-0.1059124442068426,-0.6918367041886078,-0.13383094698169054
-0.4945611267374805,1.5858131326711444,-0.2698908217004747,-0.3803651541876997,-0.21474214823085216,-0.13383569796263986
-0.8620112644193616,-0.3225824754872162,-0.9696300560560562,-0.8900630441521487,-1.1795333613898693,-0.13383521501184664
-1.0872226391276114,0.544870073675675,0.9096696019275056,-0.8900630441521487,-0.5398732530316931,-0.13383666848975273
-0.30886051952190613,-0.8257049540016931,-0.6197604388782654,-0.8508555141548834,-0.663564434205926,-0.13382796465181904
-0.9410327994047124,0.544870073675675,-0.14993552438237495,0.6782381557384635,-0.7837215816323237,-0.1338362532099635
0.9673372704915091,-0.2878843735207005,1.70937158404817,1.1879360457029124,1.410913375773352,-0.13382605297573455
1.7615036970942843,-1.2941293305496542,-0.9796263308325646,-0.8508555141548834,0.9656251235461133,-0.13360521171025735
0.6275446700545007,0.31933241089332315,-0.9196486821735147,0.28616285576581046,0.30122677895309075,-0.133831099413778
-1.0872226391276114,-0.23583722057092707,1.809334331813253,-0.8900630441521487,-0.3808417343791079,-0.13383643538087414
-1.2057549416056375,1.8460488974200118,0.8996733271509971,-0.8900630441521487,-0.3843757681269432,-0.13383700520309535
1.3624449454182632,-0.04499765975509108,0.7097441063973394,1.6584264056700961,1.460389848243045,-0.13382644599511023
1.7970633878376925,-0.2705353225374428,0.45983723698463175,-0.811647984157618,1.7148402780871814,-0.13382211143782977
-0.9094241854105721,0.1458419010607449,-0.09995415049983342,0.4037854457576063,-0.8190619191106759,-0.133835940879567
-0.4155395917521297,-1.2507567030915097,2.35912944452121,-0.8900630441521487,0.20757488463545729,-0.1337990175809977
2.0301769160444776,-1.3461764834994279,-0.9696300560560562,-0.8900630441521487,1.1988713509032385,-0.13282595522097726
-1.0951247926261465,0.6316153285919641,-0.539790240666199,-0.8900630441521487,-1.0417060452242952,-0.13383670460102687
-1.0872226391276114,0.11114379909422939,2.9089245572291667,-0.8508555141548834,0.07858265283947156,-0.13383656945653316
0.710517281789119,0.5969172266254485,-0.9186490546958639,1.7368414656646267,0.4323394309977777,-0.13383170618915366
0.8092942005208075,-1.1900350246501072,-0.9896226056090728,-0.8900630441521487,0.13159315905699998,-0.1337740403804323
1.5599987828816402,-0.3746296284369896,0.7097441063973394,0.8350682757275248,1.5699448944259373,-0.13382184327007435
-0.5696315849735637,-0.7910068520351774,-0.2898833712534913,-0.8900630441521487,-0.7731194803888181,-0.13383098178829875
-0.7118703479471952,-1.2767802795663965,-0.9596337812795478,-0.14511997420410794,-1.236077901355233,-0.1338061404025917
1.3229341779255879,0.1978890540105185,0.7097441063973394,1.2271435757001778,1.4745259832343862,-0.13382822571623176
-0.7142409939967556,-0.43014659158341473,-0.6497492632077904,-0.3803651541876997,-0.9561824285266829,-0.13383415044410846
-0.7869408061832784,-0.8430540049849509,-0.9096524073970063,-0.8900630441521487,-1.1972035301290453,-0.13383264290525398
0.13761115314532582,-0.5134220363030522,-0.44982376767762416,0.2469553257685451,-0.1405274395263126,-0.13382843849237283
-0.6921149642008574,0.0590966461444558,-0.4698163172306408,-0.22353503419863852,-0.7731194803888182,-0.1338350478863048
1.6390203178669909,-0.3746296284369896,0.5098186108671733,-0.8900630441521487,1.5699448944259373,-0.13382141007198803
0.9278265029988337,-0.2705353225374428,2.0092598273434192,0.6782381557384635,1.4851280844778918,-0.13382642279093296
1.5204880153889648,0.544870073675675,-0.539790240666199,2.0505017056427493,1.2801541271034487,-0.1338292607962151
1.1253803404622107,0.3366814618765812,1.609408836283087,-0.8900630441521487,1.6441596031304768,-0.13382957231414858
-0.4155395917521297,0.8918510933408315,0.30989311533700714,-0.8900630441521487,-0.08044886581311364,-0.1338351057942303
1.7022375458552714,-0.06234671073834885,-0.9096524073970063,1.8544640556564227,1.1882692496597325,-0.13382488951391597
2.034127992793745,-0.16644101663789573,-0.1899206234884082,-0.5764028041740262,1.718374311835017,-0.13382233296778223
0.8092942005208075,0.26728525794354985,0.109967619806841,0.050917675782218584,0.8171957061370342,-0.13383030675784782
0.7697834330281321,-1.2420821775998807,-0.9896226056090728,0.09012520577948392,0.08565072033514211,-0.13374881955489135
-0.6802617339530548,-0.8083559030184352,-0.82968220918494,-0.8900630441521487,-1.066444281459142,-0.13383187384342166
0.09810038565265043,0.04174759516119803,0.4098558631020902,0.5214080357494023,0.24114820523989206,-0.13383197528936738
-1.2002234341566629,-1.3635255344826855,-0.9896226056090728,-0.8900630441521487,-1.7011567425703487,-0.11655237123529535
-1.2057549416056375,-1.3635255344826855,-0.9896226056090728,-0.8900630441521487,-1.706104389817318,-0.13383700520309535
0.8092942005208075,-0.49607298531979444,2.0092598273434192,2.246539355629076,1.333164633320977,-0.13382441213781923
0.256143455623352,-1.2073840756333651,-0.9396412317265312,0.011710145784953248,-0.34903543064859094,-0.13378624930222371
1.6816919467590803,-0.47351921904155925,0.9326610339134748,-0.3882066601871528,1.7374580940733269,-0.13381941736421943
-0.05994268431805114,-0.8083559030184352,-0.76970456052589,-0.3803651541876997,-0.49039678056199976,-0.1338258165241076
-1.0516629483842035,-1.1553369226835917,-0.9696300560560562,-0.8900630441521487,-1.518800601182051,-0.13383299273221866
1.441466480403614,0.07644569712771386,0.7097441063973394,0.87427580572479,1.5558087594345962,-0.13382703903200605
0.8883157355061583,-0.14909196565463795,2.5090735661688344,0.6782381557384635,1.6512276706261475,-0.13382765740420147
0.9278265029988337,-0.2705353225374428,2.0092598273434192,0.6782381557384635,1.4851280844778918,-0.13382642279093296
-0.9686903366495851,0.3713795638430967,-0.9596337812795478,-0.8900630441521487,-1.130056888920176,-0.13383626443380892
-0.5933380454691689,-0.7042615971188884,-0.6897343623138236,-0.8900630441521487,-0.9180148640500624,-0.1338319692797594
2.1131495277790955,-0.2705353225374428,-0.799693384855415,0.5998230957439328,1.5522747256867613,-0.13382054367306495
1.1253803404622107,-0.4093277304035053,0.5098186108671733,-0.8900630441521487,1.1034524397116874,-0.13382376115699232
1.4809772478962893,-0.07969576172160661,1.0096323496925887,0.3253703857630758,1.6653638056174886,-0.133825660091884
-0.3365180567667789,-0.3225824754872162,-0.8396784839614482,0.6782381557384635,-0.663564434205926,-0.13383247828269626
-1.2057549416056375,2.4532656818340355,-0.20991317304142484,-0.8900630441521487,-0.6529623329624203,-0.13383700520309535
0.09810038565265043,-0.738959699085404,-0.6197604388782654,-0.22353503419863852,-0.2818887894397214,-0.1338256879146724
1.7575526203450171,0.25514092225526935,-0.722722069076301,2.6386146556017285,1.3685049707993293,-0.13382708064209284
1.8365741553303678,0.1458419010607449,-0.9096524073970063,-0.7332329241630875,1.3508348020601533,-0.13382607814820427
1.4019557129109386,0.26728525794354985,0.5098186108671733,1.5015962856810348,1.4886621182257274,-0.13382833662689264
2.014372609047407,-1.2767802795663965,-0.9396412317265312,-0.6940253941658221,1.209473452146744,-0.13363576670381166
-1.2057549416056375,2.0143346919576124,0.15994899368938253,-0.8900630441521487,-0.6116141381127482,-0.13383700520309535
0.05858961815997504,-0.010299557788575405,0.010004872041757928,0.1685402657740146,0.05384441660462487,-0.13383194011538604
-1.1109290996232166,1.9327941523363008,0.30989311533700714,-0.8900630441521487,-0.490396780562,-0.13383684925159275
-1.0161032576407956,-0.8430540049849509,-0.7397157361963651,-0.8900630441521487,-1.3420989137902897,-0.13383502982294077
-0.6051912757169716,0.7704077364580267,0.18993781801890752,-0.6156103341712915,-0.3172291269180739,-0.1338354794991307
0.13761115314532582,0.31933241089332315,-0.2898833712534913,0.6782381557384635,0.08565072033514211,-0.1338326776850611
-1.1701952508622298,1.0653416031734098,1.409483340752921,-0.8900630441521487,-0.3313652619094148,-0.13383692583493484
-1.1346355601188218,0.8918510933408315,-0.23990199737094975,-0.49798774417949565,-0.9180148640500624,-0.1338368342562975
-1.0358586413871333,-0.42667678138676307,1.1095950974576718,-0.811647984157618,-0.6211560292319034,-0.13383602208420084
0.651251130550106,-0.16644101663789573,-0.3798498442420661,0.050917675782218584,0.4143158588838181,-0.13382859550724516
1.0463588054768598,0.3713795638430967,1.509446088518004,-0.8900630441521487,1.5452066581910906,-0.13382996789487434
-0.7316257316935328,-1.2767802795663965,-0.9396412317265312,-0.4587802141822303,-1.2466800025987386,-0.13380737499461187
1.1253803404622107,-0.11439386368812228,0.9096696019275056,2.6386146556017285,1.3048923633382954,-0.13382688821909017
-1.0319075646378657,-0.2705353225374428,1.0096323496925887,-0.6940253941658221,-0.6211560292319034,-0.1338361429324747
-0.6209955827140416,-1.2941293305496542,-0.9796263308325646,-0.06670491420957725,-1.1653972263985284,-0.13379132552674378
-0.652604196708182,-0.3746296284369896,-0.47981259200714915,-0.3803651541876997,-0.8296640203541819,-0.13383397281649115
1.164891107954886,-1.2767802795663965,-0.9396412317265312,0.1685402657740146,0.44965619636217036,-0.1336888541606779
-0.3365180567667789,-1.1553369226835917,-0.9396412317265312,-0.6940253941658221,-0.8685383915803693,-0.13381437075199604
2.2869969047468675,-1.1900350246501072,-0.9896226056090728,-0.8900630441521487,1.453321780747375,-0.13372786617714608
-1.2057549416056375,1.9327941523363008,0.5098186108671733,-0.8900630441521487,-0.5045329155533409,-0.13383700520309535
0.651251130550106,-0.339931526470474,2.4091108184037515,0.87427580572479,1.3649709370514944,-0.13382717013748302
1.3229341779255879,0.1978890540105185,1.1095950974576718,1.1487285157056473,1.6158873331477952,-0.13382822571623176
-1.1741463276114972,1.2388321130059878,2.0092598273434192,-0.8900630441521487,-0.0875169333087842,-0.1338369393569146
-0.4945611267374805,-0.7736578010519195,-0.32986847035952455,-0.8900630441521487,-0.7165749404234545,-0.13383046901619716
-0.9370817226554449,0.8571529913743159,-0.9396412317265312,-0.8900630441521487,-0.9957636065024373,-0.1338363493134795
0.8488049680134829,0.16319095204400297,-0.04997277661729188,0.6390306257411982,0.7747873011630113,-0.13382970974899663
-1.1859995578593,1.2388321130059878,2.6090363139339177,-0.8900630441521487,0.11392299031782382,-0.1338369640492324
-0.6921149642008574,1.4123226228385661,-0.3498610199125411,-0.6940253941658221,-0.45505644308364773,-0.13383600207764382
-1.166244174112962,1.9327941523363008,-0.5597827902192156,-0.8900630441521487,-0.8473341890933578,-0.13383694022330261
0.797440970273005,-0.3225824754872162,2.4091108184037515,1.9720866456482185,1.499264219469233,-0.13382657270926654
2.2316818302571217,-1.2941293305496542,-0.9196486821735147,-0.8508555141548834,1.4073793420255172,-0.13356848278129899
2.034127992793745,-1.2941293305496542,-0.9396412317265312,-0.8900630441521487,1.2236095871380852,-0.13358391510439074
1.1253803404622107,-0.6695634951523727,2.0092598273434192,0.011710145784953248,1.580546995669443,-0.13381879465211993
-0.21798575428875272,-0.5307710872863101,-0.39984239379508263,-0.5764028041740262,-0.4444543418401419,-0.13383057492111683
1.1806954149519562,1.3776245208720506,0.3798670387725652,1.619218875672831,1.470991949486551,-0.13383228553206958
-1.0279564878885983,-0.3225824754872162,0.010004872041757928,-0.8900630441521487,-0.9816274715110965,-0.13383607924210464
-0.4945611267374805,0.544870073675675,0.8097068541624225,-0.49798774417949565,-0.04510852833476137,-0.13383498492303963
1.5599987828816402,0.18054000302726075,0.4098558631020902,-0.8900630441521487,1.577012961921608,-0.13382729474548474
-0.3760288242594543,-0.1317429146713802,0.109967619806841,-0.14511997420410794,-0.3242971944137442,-0.13383335352500592
-0.020431916825375745,-0.3052334245039584,-0.4698163172306408,-0.22353503419863852,-0.24654845196136915,-0.13383093332758045
-0.020431916825375745,0.28463430892680763,0.20993036757192407,0.28616285576581046,0.11392299031782382,-0.13383310641758253
1.955106457808394,-1.3635255344826855,-0.9896226056090728,-0.8900630441521487,1.1211226084508634,9.743096690682616
-0.09945345181072653,-0.3225824754872162,-0.3598572946890495,-0.8900630441521487,-0.2818887894397217,-0.13383124366804197
-1.047711871634936,-0.6695634951523727,-0.2898833712534913,-0.49798774417949565,-1.175999327642034,-0.13383577058946988
1.8563295390767056,-0.3572805774537319,-0.8896598578439897,-0.8900630441521487,1.2730860596077782,-0.13382050819788693
1.3229341779255879,-0.16644101663789573,1.209557845222755,0.3253703857630758,1.577012961921608,-0.13382555370236315
-0.054806284544003374,0.1458419010607449,-0.032979109497227765,-0.6156103341712915,-0.03097239334342052,-0.13383287137051122
-0.7790386526847433,-0.8430540049849509,-0.82968220918494,-0.8900630441521487,-1.161863192650693,-0.13383256059774754
-0.9331306459061772,1.3429264189055348,0.729736655950356,-0.6940253941658221,-0.30309299192673284,-0.13383645912297662
-1.1741463276114972,2.4532656818340355,-0.14993552438237495,-0.8900630441521487,-0.6034858604927271,-0.1338369603079626
1.6390203178669909,0.8918510933408315,-0.44982376767762416,1.5408038156783002,1.4886621182257274,-0.1338301673311812
-0.28515405902630087,-0.8777521069514665,-0.7797008353023984,0.28616285576581046,-0.7095068729277839,-0.1338267314650054
-1.1859995578593,2.4532656818340355,-0.7097269118668402,-0.8900630441521487,-0.8119938516150056,-0.13383697714363738
-1.161502882013841,-0.10051462290151601,-0.46481817984238666,-0.8900630441521487,-1.2237087832378095,-0.13383681526232363
-0.652604196708182,-1.3635255344826855,-0.9396412317265312,-0.4587802141822303,-1.19366949638121,1.5946263915769043
-0.5538272779764936,-0.010299557788575405,-0.7497120109728734,1.1487285157056473,-0.7625173791453125,-0.13383439351724524
-0.7158214246964626,-1.0338935658007868,-0.8196859344084316,-0.8900630441521487,-1.1406589901636817,-0.13382894774696164
-0.8106472666788836,1.7593036425037225,-0.8196859344084316,-0.027497384212311918,-0.6564963667102557,-0.13383631930530307
-0.8936198784135019,0.3713795638430967,-0.009987677511258616,0.050917675782218584,-0.7271770416669602,-0.13383602985686824
0.49320806057940436,0.3713795638430967,-0.8696673082909732,0.050917675782218584,0.20934190150937504,-0.13383169635654266
0.7697834330281321,0.09379474811097163,-0.409838668571591,0.7566532157329942,0.5627452762928977,-0.13382965630284413
0.9673372704915091,-0.2531862715541848,1.809334331813253,1.0703134557111165,1.453321780747375,-0.1338263952323048
-1.1867897732091532,2.6840080599113643,-0.799693384855415,-0.7018669001652752,-0.7975043132488813,-0.13383697980164797
1.1253803404622107,-1.2941293305496542,-0.9796263308325646,-0.419572684184965,0.39664569014464196,-0.1336549037906128
1.0858695729695353,-1.2767802795663965,-0.9396412317265312,-0.26274256419590375,0.37897552140546586,-0.13369379252875851
0.17712192063800122,-0.2878843735207005,1.409483340752921,-0.4587802141822303,0.59808561377125,-0.13383003560386575
-0.7592832689384056,2.2103789680684263,-0.03997650184078361,-0.5371952741767609,-0.24301441821353387,-0.13383632796221803
-0.5340718942301559,0.0590966461444558,-0.10995042527634169,0.20774779577127978,-0.5045329155533409,-0.13383444563498462
0.18897515088580372,-0.3225824754872162,-0.9096524073970063,-0.1059124442068426,-0.2182761819786877,-0.1338297415535459
-1.047711871634936,2.2797751720014574,-0.11994670005285013,1.619218875672831,-0.5151350167968465,-0.13383677003811933
0.7697834330281321,-0.06234671073834885,0.30989311533700714,1.1487285157056473,0.7853894024065169,-0.13382877443598978
1.1253803404622107,-1.311478381532912,-0.9796263308325646,-0.3019500941931691,0.3931116563968067,-0.13359420534306682
1.5224635537635984,-0.12480329427807706,0.6767563996348622,0.9762153837176797,1.5755993484224735,-0.13382506540413672
-0.13896421930340191,0.7183605835082532,0.109967619806841,-0.3019500941931691,0.06091248410029543,-0.13383422731780828
-1.063516178632006,0.3713795638430967,-0.9496375065030396,-0.8900630441521487,-1.2113396651203863,-0.1338365607415235
0.21663268813067663,0.3713795638430967,-0.019983952287767066,0.6390306257411982,0.26235240772690344,-0.1338325605873768
-0.8620112644193616,-0.634865393185857,-0.6597455379842987,-0.8900630441521487,-1.1335909226680112,-0.13383444778885245
-1.1543909438651596,1.794001744470238,0.6597627325147979,-0.8900630441521487,-0.4338522405966363,-0.1338369170162358
-0.5340718942301559,0.8918510933408315,0.6097813586322564,0.011710145784953248,-0.08044886581311364,-0.13383539070556005
0.11390469264972054,2.01953940725259,2.639025138263442,1.4231812256865044,1.446253713251704,-0.13383489052735004
-0.13896421930340191,0.2499362069602921,0.20993036757192407,0.4037854457576063,0.000833910387096471,-0.1338334208358502
0.008015835769350494,-0.9749067924577103,-0.9256464470394196,-0.6391348521696507,-0.5186690505446817,-0.13382007339234797
0.003274543670229547,0.30198335991006536,-0.14993552438237495,-0.8900630441521487,0.011436011630602302,-0.1338330698664252
0.3509692976057729,0.6663134305584796,-0.6197604388782654,1.619218875672831,0.23054610399638623,-0.13383284760849054
-0.6209955827140416,-1.2941293305496542,-0.9696300560560562,-0.8900630441521487,-1.161863192650693,-0.13379132552674378
-0.020431916825375745,-0.7736578010519195,-0.7797008353023984,-0.34115762419043444,-0.45152240933581245,-0.13382611155826502
1.3624449454182632,-0.14909196565463795,0.7097441063973394,2.1289167656372796,1.439185645756034,-0.13382554092143303
0.8369517377656804,-0.02764860877183317,2.4091108184037515,0.20774779577127978,1.594683130660784,-0.1338287156445091
0.6441391924014244,0.24473149166531455,-0.18092397618955075,-0.035338890211764985,0.5620384695433308,-0.13383076952972983
-1.0240054111393309,-0.6522144441691149,0.010004872041757928,-0.6940253941658221,-1.0452400789721306,-0.13383562002674818
-0.17847498679607732,1.0653416031734098,0.109967619806841,-0.14511997420410794,0.0962528215786477,-0.13383471234512515
-1.0082011041422605,0.3713795638430967,1.409483340752921,-0.8900630441521487,-0.3278312281615795,-0.13383638789535668
1.5599987828816402,0.7183605835082532,-0.029980227064275337,1.5800113456755653,1.5310705231997497,-0.13382980327827704
-0.9765924901481202,-0.7563087500686617,-0.6797380875373153,-0.26274256419590375,-1.26788420508575,-0.13383495927267527
0.6117403630574305,0.12849285007748715,-0.15993179915888323,1.1095209857083816,0.5168028375710398,-0.13383040144696584
0.41418652559405356,0.04174759516119803,3.0788612284298082,-0.8900630441521487,1.467457915738716,-0.13383075591634244
-1.055614025133471,-1.3635255344826855,-0.9896226056090728,-0.8900630441521487,-1.5718111073995795,0.3353173453514759
1.054260958975395,-0.2705353225374428,2.0992263003319938,0.28616285576581046,1.6300234681391363,-0.13382579568502703
-1.0872226391276114,-1.2767802795663965,-0.7797008353023984,-0.6940253941658221,-1.5081984999385452,-0.13382959765097446
-0.05994268431805114,0.7183605835082532,0.010004872041757928,-0.8900630441521487,0.0962528215786477,-0.13383402154852778
1.4809772478962893,0.7183605835082532,-0.44982376767762416,2.9522748955798512,1.3119604308339659,-0.13383000904755757
1.7180418528523418,-0.02764860877183317,-0.7297194614198569,0.20774779577127978,1.2730860596077782,-0.13382514007088292
-1.2057549416056375,1.9327941523363008,0.5098186108671733,-0.8900630441521487,-0.5045329155533409,-0.13383700520309535
-0.4945611267374805,-0.16644101663789573,-0.39984239379508263,-0.5371952741767609,-0.6176219954840683,-0.13383378446851443
-0.7316257316935328,-1.2767802795663965,-0.9396412317265312,-0.26274256419590375,-1.2466800025987386,-0.13380737499461187
-1.2057549416056375,2.4532656818340355,-0.8096896596319232,-0.8900630441521487,-0.8650043578325339,-0.13383700520309535
-0.94498387615398,-0.8777521069514665,-0.9496375065030396,0.12933273577674925,-1.359769082529466,-0.1338340950455248
1.2439126429402367,-0.6001672912193413,1.609408836283087,0.7566532157329942,1.5593427931824317,-0.13381960837078288
-0.652604196708182,-0.23583722057092707,-0.5197976911131823,-0.6940253941658221,-0.8155278853628408,-0.13383434603272978
0.17712192063800122,0.3713795638430967,-0.20991317304142484,2.0505017056427493,0.15986542903968168,-0.13383268404892457
-1.2057549416056375,2.106284662168879,0.30989311533700714,-0.8900630441521487,-0.5398732530316931,-0.13383700520309535
-0.6921149642008574,-1.0338935658007868,-0.8096896596319232,-0.8900630441521487,-1.1159207539288352,-0.13382855787005193
-0.5735826617228312,-0.3572805774537319,-0.36985356946555775,-0.6548178641685568,-0.7165749404234545,-0.133833599369762
0.8488049680134829,-0.2705353225374428,2.109222575108502,0.9918983957165859,1.4497877469995395,-0.13382681473212416
-0.020431916825375745,0.4407757677761281,-0.3198721955830162,0.011710145784953248,-0.0415744945869261,-0.13383344381215825
-1.0595651018827386,-1.3635255344826855,-0.539790240666199,-0.8900630441521487,-1.4163136224948292,0.32297117823161886
-1.063516178632006,0.28463430892680763,-0.9396412317265312,-0.8900630441521487,-1.225475800111727,-0.1338365373488338
0.651251130550106,-0.07969576172160661,-0.38984611901857436,1.266351105697443,0.428451993875159,-0.13382916372916986
-1.1267334066202868,1.7593036425037225,-0.8396784839614482,-0.8900630441521487,-0.9462871340327442,-0.1338368680235369
0.8883157355061583,-1.2594312285831386,-0.9796263308325646,-0.3019500941931691,0.19167173277019892,-0.13372794921113648
-0.020431916825375745,0.7183605835082532,0.20993036757192407,0.4429929757548716,0.2022738340137045,-0.1338339186638875
1.2439126429402367,-0.6001672912193413,1.509446088518004,0.5214080357494023,1.5240024557040794,-0.13381960837078288
0.5011102140779395,1.1867849600562144,2.2491704219796183,1.0703134557111165,1.4851280844778922,-0.13383337694420588
-1.004250027392993,-1.0859407187505605,-0.9396412317265312,-0.3019500941931691,-1.4516539599731815,-0.13383306988692162
0.8488049680134829,-0.18379006762115363,1.9692747282373861,0.6782381557384635,1.4179814432690228,-0.13382756403035836
-1.0686525784060539,1.1815802447612371,0.7167414987408953,-0.6273725931704711,-0.46177110720453457,-0.13383671317057522
-0.09945345181072653,-0.8777521069514665,-0.7497120109728734,-0.3803651541876997,-0.5328051855360225,-0.1338246590800688
-0.3365180567667789,-0.3746296284369896,0.010004872041757928,-0.8900630441521487,-0.3737736668834374,-0.1338322400241459
-0.94498387615398,1.0653416031734098,0.010004872041757928,1.0311059257138513,-0.6246900629797385,-0.13383642316991828
0.45369729308672896,-1.3635255344826855,-0.9896226056090728,-0.8900630441521487,-0.2218102157265227,5.051553185136903
-1.2057549416056375,1.7593036425037225,1.0096323496925887,-0.8900630441521487,-0.3631715656399318,-0.13383700520309535
1.9155956903157187,-0.7910068520351774,0.20993036757192407,0.8350682757275248,1.6264894343913008,-0.13380744931682625
0.5327188280720797,0.3713795638430967,-0.5597827902192156,1.5408038156783002,0.35423728517061914,-0.13383157289499492
-1.1859995578593,-1.2767802795663965,-0.9396412317265312,-0.8900630441521487,-1.6530938835997895,-0.1338357706110752
0.4904423068549171,0.13196266027413864,-0.610763791579408,1.274192611696896,0.2496298862346964,-0.13383085647525797
-1.0516629483842035,1.6205112346376598,0.06998252070080774,-0.5764028041740262,-0.5858156917535512,-0.13383672526109666
1.4809772478962893,0.07644569712771386,0.4098558631020902,1.1095209857083816,1.4851280844778918,-0.13382689028318379
-0.15476852630047203,-0.8066209979201094,-0.7017298920456335,-0.21177277519945892,-0.5508287576499822,-0.13382677445473667
1.3347874081733904,0.6142662776087063,0.23991919190144906,1.6584264056700961,1.4038453082776816,-0.13383004153774938
-1.047711871634936,-0.3225824754872162,1.0096323496925887,-0.8900630441521487,-0.6458942654667499,-0.13383618212665915
-0.8106472666788836,-0.2705353225374428,-0.7397157361963651,-0.4587802141822303,-1.0417060452242952,-0.13383504549713934
-1.158342020614427,-1.3461764834994279,-0.9896226056090728,0.3645779157603411,-1.6601619510954602,-0.13382219128394343
-1.0002989506437254,1.2908792659557615,1.1095950974576718,-0.8900630441521487,-0.23948038446569886,-0.13383658559507533
1.0858695729695353,0.0590966461444558,1.209557845222755,2.364161945620872,1.410913375773352,-0.13382827255895283
1.5204880153889648,-0.1317429146713802,0.6097813586322564,0.5214080357494023,1.5487406919389257,-0.1338250068322301
-0.053225853844296254,-0.7007917869222366,-0.7986937573777642,-0.6195310871710181,-0.4727266118228239,-0.13382757753942728
1.7180418528523418,0.07644569712771386,-0.929644956950023,2.011294175645484,1.2236095871380848,-0.13382599779025042
-1.0279564878885983,-1.2594312285831386,-0.38984611901857436,-0.8900630441521487,-1.3138266438076078,-0.13382774573207998
-1.114880176372484,-1.120638820717076,-0.9796263308325646,0.050917675782218584,-1.5718111073995795,-0.1338349769186991
-1.0832715623783438,-1.2767802795663965,-0.7896971100789066,-0.6940253941658221,-1.5081984999385452,-0.13382935073257043
-0.6055863833918983,0.544870073675675,0.6097813586322564,-0.8900630441521487,-0.21509555160563587,-0.1338353003112039
0.3746757581013782,-1.2594312285831386,-0.9496375065030396,-0.34115762419043444,-0.257150553204875,-0.1337546987940698
-0.17847498679607732,0.544870073675675,-0.2698908217004747,0.20774779577127978,-0.14406147327414762,-0.13383408702079264
-1.0753694088798087,-0.5828182402360835,1.1095950974576718,-0.811647984157618,-0.6883026704407726,-0.13383609981951852
1.1885975684504912,0.5275210226924172,1.349505692093871,1.0703134557111165,1.6476936368783124,-0.1338301411935443
0.7302726655354568,0.1458419010607449,-0.45982004245413255,-0.49798774417949565,0.520336871318875,-0.1338300516227101
-1.0793204856290763,-0.5654691892528257,0.010004872041757928,-0.6940253941658221,-1.0770463827026475,-0.1338361463411628
1.0463588054768598,-1.2420821775998807,-0.9696300560560562,0.4429929757548716,0.34010115017927856,-0.13373647356414278
1.5599987828816402,0.18054000302726075,0.4098558631020902,-0.8900630441521487,1.577012961921608,-0.13382729474548474
-1.1385866368680895,-1.2420821775998807,-0.8196859344084316,-0.6940253941658221,-1.5612090061560737,-0.13383400689105643
1.2162551056953639,-0.5307710872863101,1.609408836283087,-0.8900630441521487,1.5487406919389257,-0.13382123815168406
0.21663268813067663,0.21523810499377627,3.208812800524416,2.79544477559079,1.3720390045471644,-0.13383212101048111
-0.2574965217814281,0.3713795638430967,-0.2598945469239664,0.7174456857357286,-0.2465484519613694,-0.13383404212594965
1.1253803404622107,-0.7563087500686617,-0.8896598578439897,-0.8900630441521487,0.538007040058051,-0.13381619315227058
-0.8541091109208264,0.21523810499377627,-0.9796263308325646,-0.8900630441521487,-1.066444281459142,-0.1338357977221435
0.17712192063800122,-0.2878843735207005,1.409483340752921,-0.4587802141822303,0.59808561377125,-0.13383003560386575
0.8725114285090882,-0.339931526470474,2.049244926449452,-0.8900630441521487,1.4356516120081988,-0.13382599829987815
-0.9686903366495851,-0.5134220363030522,-0.38984611901857436,-0.49798774417949565,-1.1088526864331647,-0.1338354934306149
-0.4550503592448051,0.1458419010607449,0.30989311533700714,0.7174456857357286,-0.2677526544483806,-0.13383430891682352
1.7180418528523418,-0.06234671073834885,-0.7397157361963651,0.5214080357494023,1.2624839583642726,-0.13382482366777915
1.4019557129109386,0.1978890540105185,0.5098186108671733,1.8152565256591575,1.4745259832343862,-0.1338279513572673
-0.8817666481656994,1.4123226228385661,0.5098186108671733,-0.22353503419863852,-0.320763160665909,-0.1338363724624259
-1.0082011041422605,1.0653416031734098,0.30989311533700714,-0.18432750420137317,-0.5752135905100454,-0.1338365642688703
-0.9133752621598396,-0.3225824754872162,-0.7896971100789066,-0.8900630441521487,-1.161863192650693,-0.1338354825116884
1.105624956715873,1.4643697757883398,-0.009987677511258616,2.4817845356126673,1.2836881608512838,-0.13383257421945477
0.6382125772775231,0.0018447778997051202,-0.13694036717291425,0.8860380647239697,0.5228106949423595,-0.1338296837941075
1.8760849228230432,0.04174759516119803,-0.9096524073970063,-0.5371952741767609,1.3649709370514937,-0.133825116316102
-0.7395278851920679,-1.2073840756333651,-0.9796263308325646,0.050917675782218584,-1.253748070094409,-0.13382081818606062
-0.2970072892741035,-0.9124502089179822,-0.899656132620498,-0.18432750420137317,-0.7695854466409828,-0.13382608363572612
0.41418652559405356,-0.1317429146713802,-0.82968220918494,2.5209920656099323,0.05031038285678985,-0.13382987573634933
1.4556903567009771,-1.2923944254513284,-0.9776270758772629,-0.8900630441521487,0.6931511215880175,-0.13363417165825656
0.8488049680134829,-0.3225824754872162,2.2091853228735854,2.089709235640014,1.4745259832343862,-0.1338263052094248
-0.7316257316935328,1.5858131326711444,0.109967619806841,0.9134833357220552,-0.29249089068322726,-0.13383613370945835
0.40233329534625106,0.9785963482571205,-0.6597455379842987,1.0703134557111165,0.3259650151879374,-0.1338332830650986
-0.020431916825375745,-0.9991954638342714,-0.9396412317265312,-0.3019500941931691,-0.554009388023034,-0.13381936790548268
-0.7276746549442654,-0.7042615971188884,-0.7097269118668402,-0.8900630441521487,-1.0452400789721306,-0.13383307393391053
-0.8106472666788836,-1.2073840756333651,2.109222575108502,-0.8900630441521487,-0.225344249474358,-0.13382328739204896
-0.7632343456876731,-1.1032897697338182,-0.9796263308325646,0.28616285576581046,-1.253748070094409,-0.13382778679310192
-1.114880176372484,-1.120638820717076,-0.9796263308325646,0.050917675782218584,-1.5718111073995795,-0.1338349769186991
0.908071119252496,0.7357096344915109,1.8793082552488114,0.4037854457576063,1.6264894343913008,-0.1338315463651199
-0.8896688016642345,-0.3746296284369896,-0.059969051393800155,-0.5371952741767609,-0.8932766278152158,-0.1338352724107501
0.366773604602843,-0.16644101663789573,-0.9596337812795478,-0.8900630441521487,-0.04510852833476163,-0.13382988380107752
-1.0674672553812736,0.8918510933408315,0.6097813586322564,1.4231812256865044,-0.5575434217708692,-0.13383667280654396
0.019078850667299647,-0.9471483108844978,-0.4298312181246076,0.050917675782218584,-0.3278312281615795,-0.13382105813701164
0.21663268813067663,-0.44402583237002097,-0.47981259200714915,-0.26274256419590375,-0.06631273082177279,-0.13382861914313857
-1.1859995578593,1.9327941523363008,-0.38984611901857436,-0.8900630441521487,-0.8049257841193351,-0.13383697271319897
-0.9489349529032475,0.02439854417794027,-0.9896226056090728,-0.8900630441521487,-1.19366949638121,-0.13383600207827076
1.6729995779106916,0.12328813478250991,-0.7037291470009353,1.9093545976525939,1.2727326562329948,-0.1338265088123519
-0.2812029822770334,-0.11439386368812228,-0.76970456052589,2.011294175645484,-0.5469413205273637,-0.1338329927043543
-1.0429705795358148,0.47373896464431786,-0.9896226056090728,-0.8900630441521487,-1.1862480255107561,-0.13383652488052217
0.7302726655354568,0.1458419010607449,-0.45982004245413255,-0.49798774417949565,0.520336871318875,-0.1338300516227101
1.6390203178669909,0.7183605835082532,-0.38984611901857436,0.8350682757275248,1.4745259832343862,-0.1338295975089965
1.7575526203450171,-0.07969576172160661,-0.7497120109728734,-0.18432750420137317,1.2907562283469547,-0.13382449221278872
0.6117403630574305,-0.11439386368812228,-0.3198721955830162,-0.26274256419590375,0.4107818251359831,-0.13382911738505743
-0.2574965217814281,0.3713795638430967,-0.20991317304142484,0.09012520577948392,-0.22887828322219328,-0.13383404212594965
0.5090123675764745,-0.06234671073834885,-0.7097269118668402,0.9526908657193207,0.19167173277019867,-0.13382986089724772
-0.4945611267374805,0.04174759516119803,0.5098186108671733,-0.6548178641685568,-0.2536165194570397,-0.1338342616137892
0.710517281789119,0.9612472972738628,1.5594274624005455,2.246539355629076,1.3826411057906705,-0.13383253663101732
-0.6407509664603794,-0.7736578010519195,-0.7197231866433484,-0.8900630441521487,-0.9851615052589318,-0.13383181256572624
0.2956542231160274,0.3713795638430967,-0.47981259200714915,1.8152565256591575,0.1704675302831875,-0.13383231366428133
0.256143455623352,-0.92979925990124,1.0096323496925887,0.6782381557384635,0.39664569014464196,-0.13381873294884697
0.1459084143187877,1.3758896157737246,0.4568383545516793,0.6586343907398309,0.5722871674120527,-0.13383433033222972
1.164891107954886,-0.8430540049849509,-0.639752988431282,0.9526908657193207,0.6440280524931078,-0.13381231295116314
-1.166244174112962,2.4532656818340355,-0.7896971100789066,-0.8900630441521487,-0.8225959528585113,-0.1338369490841794
0.9278265029988337,-0.3225824754872162,2.0092598273434192,0.6390306257411982,1.4745259832343862,-0.1338258936712067
0.9673372704915091,-0.3052334245039584,2.109222575108502,1.0703134557111165,1.5487406919389257,-0.13382587343131805
-0.9528860296525149,-1.1032897697338182,-0.6697418127608069,0.050917675782218584,-1.3138266438076078,-0.13383173754024197
-1.1543909438651596,1.2388321130059878,0.9096696019275056,-0.8900630441521487,-0.458590476831483,-0.13383689820305164
-1.0121521808915281,-0.8430540049849509,-0.8396784839614482,-0.8900630441521487,-1.3739052175208066,-0.13383498866918755
0.21663268813067663,-0.44402583237002097,1.0096323496925887,-0.4587802141822303,0.46025829760567594,-0.13382861914313857
1.1431601858339147,0.33147674658160364,1.557428207445244,-0.8900630441521487,1.640625569382642,-0.133829492624958
-0.17847498679607732,-0.8777521069514665,-0.8596710335144647,-0.8508555141548834,-0.6423602317189147,-0.13382554094599927
0.21663268813067663,0.8918510933408315,2.3091480706386682,-0.8900630441521487,1.191803283407568,-0.13383358626713826
-1.0161032576407956,-0.7910068520351774,-0.8696673082909732,-0.8900630441521487,-1.377439251268642,-0.13383520940241064
1.2241572591938992,-0.8604030559682087,1.4994498137414956,0.6782381557384635,1.44978774699954,-0.13381082290448704
0.017498419967592667,-0.6556842543657664,-0.7817000902577,1.619218875672831,-0.39427106262088185,-0.13382763666394887
-0.8975709551627694,-0.09704481270486452,-0.39984239379508263,-0.5371952741767609,-0.9639573027719204,-0.13383568602540197
1.2044018754475614,0.3713795638430967,0.5098186108671733,2.834652305588055,1.333164633320977,-0.1338294740486834
-1.2057549416056375,2.106284662168879,-0.27288970413342717,-0.8900630441521487,-0.7459074205304868,-0.13383700520309535
0.8488049680134829,-0.2705353225374428,2.109222575108502,0.9918983957165859,1.4497877469995395,-0.13382681473212416
-0.2614475985306957,-0.9124502089179822,-0.7797008353023984,-0.4587802141822303,-0.6953707379364431,-0.13382565627004644
-0.09945345181072653,1.0653416031734098,-0.3798498442420661,0.1685402657740146,-0.006234157108573832,-0.13383453597143513
-0.7276746549442654,-0.8604030559682087,-0.7896971100789066,-0.6940253941658221,-1.1053186526853294,-0.13383185388906021
-0.3760288242594543,-0.010299557788575405,0.010004872041757928,-0.419572684184965,-0.3348992956572501,-0.1338336812392861
-0.020431916825375745,0.02439854417794027,-0.22990572259444148,1.0311059257138513,-0.0945850008044545,-0.13383237539621265
-0.2574965217814281,-0.49607298531979444,-0.6997306370903319,-0.6156103341712915,-0.5787476242578806,-0.13383107905473013
1.2834234104329123,0.02439854417794027,0.5098186108671733,2.246539355629076,1.333164633320977,-0.1338272826086417
-0.8620112644193616,-0.3225824754872162,-0.9696300560560562,-0.8900630441521487,-1.1795333613898693,-0.13383521501184664
-1.0240054111393309,2.106284662168879,-0.1899206234884082,0.7566532157329942,-0.554009388023034,-0.13383672124139356
0.6907618980427813,-0.04499765975509108,-0.3598572946890495,0.48220050575213697,0.4814625000926874,-0.1338292076341217
-0.9291795691569098,-1.2767802795663965,-0.8396784839614482,-0.6940253941658221,-1.3880413525121476,-0.1338197209148133
-0.5735826617228312,0.1458419010607449,-0.9496375065030396,1.776048995661892,-0.8190619191106762,-0.13383473464623485
0.8883157355061583,-0.11439386368812228,1.809334331813253,0.9918983957165859,1.410913375773352,-0.1338279170649212
1.4809772478962893,-0.23583722057092707,0.759725480279881,0.7566532157329942,1.5452066581910906,-0.13382408923274836
1.164891107954886,0.544870073675675,-0.38984611901857436,3.0306899555743816,1.0151015960158067,-0.13383027093624295
1.1253803404622107,0.544870073675675,-0.409838668571591,3.0306899555743816,0.9726931910417839,-0.13383038317402382
-0.2574965217814281,0.354030512859839,-0.3498610199125411,-0.26274256419590375,-0.2818887894397217,-0.1338340121959077
1.4019557129109386,-0.07969576172160661,0.33988193966653213,1.8544640556564227,1.3579028695558237,-0.13382599377162552
-0.020431916825375745,0.07644569712771386,-0.32986847035952455,0.1685402657740146,-0.11932323703930119,-0.13383254273842848
0.7697834330281321,-0.339931526470474,1.609408836283087,-0.8900630441521487,1.188269249659733,-0.13382654236733757
1.7575526203450171,-0.44402583237002097,-0.14993552438237495,0.09012520577948392,1.4285835445125283,-0.13381953424485207
0.45369729308672896,0.3713795638430967,-0.6897343623138236,1.1095209857083816,0.23761417149205677,-0.1338318198180904
-0.5340718942301559,0.02439854417794027,-0.7597082857493818,1.9328791156509533,-0.741313176658301,-0.13383438164586184
-0.2970072892741035,0.544870073675675,-0.04997277661729188,-0.027497384212311918,-0.1723337432568296,-0.13383442373413526
0.0467363879121724,-1.2594312285831386,-0.9626326637125004,-0.8900630441521487,-0.5550695981473845,-0.13377177737394258
1.0463588054768598,-0.2011391186044114,0.20993036757192407,2.5209920656099323,0.9691591572939489,-0.1338265017631627
-0.3365180567667789,-1.3635255344826855,1.409483340752921,-0.8900630441521487,-0.08044886581311364,2.5823197611654756
0.8092942005208075,0.7183605835082532,1.9092970795783362,0.4037854457576063,1.5452066581910906,-0.13383175808644202
-1.20180386485637,1.6205112346376598,0.7497292055033725,-0.8508555141548834,-0.4797946793184942,-0.13383699802509538
2.152660295271771,-1.2941293305496542,-0.929644956950023,-0.8900630441521487,1.333164633320977,-0.1335746557105357
-0.7316257316935328,-1.2767802795663965,-0.929644956950023,-0.3803651541876997,-1.2431459688509032,-0.13380737499461187
1.2439126429402367,-0.2184881695876693,1.409483340752921,0.7174456857357286,1.5664108606781018,-0.1338254073061008
0.7302726655354568,-0.11439386368812228,-0.409838668571591,0.5214080357494023,0.48499653384052266,-0.13382860296214188
1.164891107954886,-0.07969576172160661,1.209557845222755,0.9526908657193207,1.453321780747375,-0.13382699481085006
1.4809772478962893,-0.44402583237002097,1.0096323496925887,0.1685402657740146,1.5911490969129485,-0.13382116486762144
0.019078850667299647,0.354030512859839,0.010004872041757928,-0.1059124442068426,0.09271878783081242,-0.133833139235478
0.3746757581013782,-1.2767802795663965,-0.9396412317265312,0.4429929757548716,-0.257150553204875,-0.13373823784148373
-0.020431916825375745,-0.010299557788575405,0.109967619806841,-0.26274256419590375,0.018504079126272607,-0.13383225668336787
1.2834234104329123,-1.3635255344826855,-0.9896226056090728,-0.49798774417949565,0.520336871318875,7.644248280306902
1.3624449454182632,-0.5654691892528257,1.409483340752921,-0.2549010581964507,1.601751198156454,-0.1338195595700904
-0.09945345181072653,-0.6695634951523727,0.30989311533700714,1.4623887556837696,-0.11578920329146591,-0.13382836290771719
-0.6921149642008574,-0.2705353225374428,-0.6297567136547738,-0.6156103341712915,-0.896810661563051,-0.13383445758535253
0.8092942005208075,0.02439854417794027,-0.4898088667836574,-0.06670491420957725,0.5556772087972272,-0.13382913453139478
-0.5735826617228312,-0.7563087500686617,-0.6897343623138236,-0.8900630441521487,-0.9109467965543919,-0.13383136125710896
1.3624449454182632,0.8918510933408315,0.010004872041757928,1.7368414656646267,1.4038453082776816,-0.13383083212428393
-0.5735826617228312,0.1978890540105185,0.5597999847497148,3.0306899555743816,-0.2748207219440511,-0.13383481033137945
1.200450798698294,-0.6522144441691149,1.5994125615065784,0.6782381557384635,1.5063322869649034,-0.13381866667276007
0.4774037535823343,0.1978890540105185,-0.6097641641017572,1.776048995661892,0.25175030648339763,-0.13383116135715178
0.3746757581013782,-1.224733126616623,-0.9396412317265312,0.4037854457576063,-0.2465484519613694,-0.13377527513912185
0.5722295955647552,-0.16644101663789573,-0.7597082857493818,-0.4587802141822303,0.2093419015093748,-0.13382895336664302
0.17712192063800122,-0.49607298531979444,-0.7197231866433484,0.12933273577674925,-0.19707197949167604,-0.13382836290339606
1.808916618085495,-0.16644101663789573,-0.929644956950023,-0.3803651541876997,1.255415890868602,-0.1338233528670662
-0.7735071452357687,0.8051058384245423,1.3535042020044745,0.9487701127195942,-0.04934936883216381,-0.13383592466741345
0.6907618980427813,0.0590966461444558,-0.7497120109728734,-0.3803651541876997,0.364839386414125,-0.13382977818725325
-0.850158034171559,-1.3635255344826855,-0.9896226056090728,-0.8900630441521487,-1.3880413525121476,0.9773180355840471
-0.9291795691569098,0.1978890540105185,1.209557845222755,-0.8900630441521487,-0.3631715656399318,-0.13383604494671963
-0.09945345181072653,-0.02764860877183317,-0.3598572946890495,-0.06670491420957725,-0.2218102157265227,-0.13383251569360957
-1.0279564878885983,-0.6175163422025992,-0.539790240666199,-0.8900630441521487,-1.236077901355233,-0.133835713165355
-0.13896421930340191,0.1978890540105185,-0.5098014163366741,0.2469553257685451,-0.2642186207005455,-0.13383330135707477
-0.6130934292155067,0.544870073675675,0.4098558631020902,-0.14511997420410794,-0.29249089068322726,-0.13383532163638226
0.3944311418477159,-0.23583722057092707,1.379494516423396,-0.3803651541876997,0.7924574699021875,-0.1338293126031093
-1.0437607948856684,0.6316153285919641,-0.36985356946555775,-0.34115762419043444,-0.9356850327892385,-0.13383656503578079
0.3351649906087028,0.3713795638430967,0.010004872041757928,1.3839736956892388,0.37897552140546586,-0.1338321902027336
-0.21798575428875272,1.9327941523363008,3.00888730499425,1.619218875672831,1.2624839583642726,-0.13383538070827666
-1.1741463276114972,1.5337659797213707,1.0096323496925887,-0.8900630441521487,-0.3808417343791079,-0.13383694605981522
-1.1859995578593,2.4532656818340355,-0.7097269118668402,-0.6940253941658221,-0.8119938516150056,-0.13383697714363738
0.9278265029988337,-0.2878843735207005,2.5090735661688344,0.6390306257411982,1.658295738121818,-0.1338262521071411
0.6117403630574305,0.07644569712771386,-0.7097269118668402,0.4429929757548716,0.3118288801965963,-0.13383016275727283
0.651251130550106,-0.3225824754872162,1.309520592987838,-0.8900630441521487,0.9797612585374544,-0.13382733405497005
-1.1267334066202868,0.1978890540105185,1.9092970795783362,-0.8900630441521487,-0.29249089068322726,-0.13383673084413086
-0.8145983434281511,-0.8951011579347243,-0.8696673082909732,-0.3019500941931691,-1.2184077326160567,-0.13383247829191774
-1.193901711357835,2.2797751720014574,-0.3198721955830162,-0.8900630441521487,-0.7165749404234545,-0.13383698756572215
-0.9291795691569098,-0.5134220363030522,-0.9896226056090728,-0.8900630441521487,-1.285554373824926,-0.13383524146853482
0.5366699048213474,0.3887286148263545,-0.9096524073970063,0.2469553257685451,0.23761417149205677,-0.13383161445625466
-0.8620112644193616,-0.8777521069514665,-0.8596710335144647,-0.3803651541876997,-1.253748070094409,-0.1338331690862978
0.651251130550106,-0.07969576172160661,-0.38984611901857436,1.266351105697443,0.428451993875159,-0.13382916372916986
-0.7316257316935328,-1.2767802795663965,-0.9796263308325646,-0.14511997420410794,-1.2608161375900793,-0.13380737499461187
-1.1701952508622298,0.5622191246589328,-0.29987964602999956,-0.7332329241630875,-1.03817201147646,-0.13383690509912782
-1.047711871634936,-0.06234671073834885,0.8097068541624225,-0.8900630441521487,-0.663564434205926,-0.13383634674172692
0.7172341122628739,-1.3635255344826855,-0.9896226056090728,-0.8900630441521487,0.01390983525408697,5.875042532031375
-0.9054731086613046,-0.738959699085404,-0.9196486821735147,0.7566532157329942,-1.285554373824926,-0.1338343987972767
-0.17847498679607732,0.7183605835082532,0.20993036757192407,0.09012520577948392,0.06091248410029543,-0.13383433020244856
-0.4550503592448051,-0.11439386368812228,0.20993036757192407,-0.3019500941931691,-0.35610349814426123,-0.13383374719129706
-0.652604196708182,-1.2767802795663965,-0.9396412317265312,-0.3803651541876997,-1.175999327642034,-0.13380243662653127
-0.21798575428875272,0.3713795638430967,-0.6197604388782654,0.2469553257685451,-0.3384333294050851,-0.13383391866440195
0.9673372704915091,-0.2878843735207005,1.9092970795783362,1.1487285157056473,1.4815940507300567,-0.13382605297573455
2.034127992793745,-0.04499765975509108,-0.539790240666199,0.050917675782218584,1.6194213668956303,-0.13382368435609873
-0.8106472666788836,0.3713795638430967,-0.08995787572332514,-0.3803651541876997,-0.6812346029451022,-0.13383577058761797
-0.8225004969266863,0.23258715597703403,-0.3398647451360328,-0.419572684184965,-0.8084598178671704,-0.13383570348906393
1.5599987828816402,0.7183605835082532,-0.36985356946555775,2.1289167656372796,1.410913375773352,-0.13382980327827704
-1.2057549416056375,2.6267561916666136,-0.8096896596319232,-0.8900630441521487,-0.8296640203541817,-0.13383700520309535
-0.8620112644193616,-1.3461764834994279,-0.9896226056090728,-0.811647984157618,-1.395109420007818,-0.133729604289244
0.7460769725325268,-0.2531862715541848,2.6690139625929676,-0.8900630441521487,1.5593427931824317,-0.13382747552023982
-0.6605063502067171,-1.311478381532912,-0.9696300560560562,0.050917675782218584,-1.2007375638768807,-0.13378021472735988
-0.4945611267374805,-0.18379006762115363,-0.7097269118668402,-0.26274256419590375,-0.7307110754147953,-0.13383373710484023
-0.2914757818251289,-0.9176549242129595,-0.7187235591656976,-0.49798774417949565,-0.7017319986825464,-0.13382588889198554
-0.13896421930340191,0.544870073675675,-0.13993924960586668,-0.06670491420957725,-0.06277869707393752,-0.13383397478301176
-0.09945345181072653,-0.11439386368812228,0.109967619806841,-0.3803651541876997,-0.0733807983174431,-0.13383220392255052
1.2142795673207303,0.15451642655237394,1.1345857843989424,1.0703134557111165,1.5187014050823264,-0.13382836289598837
0.651251130550106,-0.11439386368812228,-0.9396412317265312,-0.34115762419043444,0.2270120702485512,-0.13382894591075226
-0.9015220319120371,1.0653416031734098,0.7097441063973394,-0.811647984157618,-0.3384333294050851,-0.13383632616438879
-0.3918331312565244,-0.2878843735207005,0.7497292055033725,-0.3803651541876997,-0.14406147327414762,-0.13383290309612023
-1.166244174112962,1.7766526934869806,-0.8196859344084316,-0.8900630441521487,-0.9710253702675907,-0.13383693699226495
0.2956542231160274,-1.3635255344826855,-0.9896226056090728,-0.8900630441521487,-0.3631715656399318,4.557706500342617
-0.9133752621598396,-1.0685916677673026,-0.7197231866433484,0.4037854457576063,-1.2890884075727613,-0.13383163102078544
-1.1267334066202868,1.5858131326711444,0.8097068541624225,-0.8900630441521487,-0.39851190311828405,-0.13383685995415587
1.164891107954886,-0.2011391186044114,1.809334331813253,0.5606155657466676,1.640625569382642,-0.13382594895053465
0.9278265029988337,-0.3572805774537319,1.9092970795783362,0.87427580572479,1.4321175782603632,-0.1338255105155953
-1.047711871634936,1.0653416031734098,-0.1899206234884082,1.8544640556564227,-0.787255615380159,-0.13383665245571533
0.864609275010553,-0.2184881695876693,2.7789729851345593,-0.8900630441521487,1.7113062443393465,-0.1338272031095064
2.2316818302571217,-1.2767802795663965,-0.9396412317265312,-0.8900630441521487,1.4038453082776816,-0.13362218619159005
0.8685603517598206,-0.6695634951523727,0.859688228044964,-0.8900630441521487,0.9444209210591021,-0.1338208008992613
0.2047794578828741,-1.2941293305496542,-0.9696300560560562,0.2469553257685451,-0.4232501393531305,-0.13372681841622028
2.2711925977497973,-1.3635255344826855,-0.9226475646064671,-0.6273725931704711,1.4275233343881777,10.730790060271186
1.2044018754475614,-0.18379006762115363,1.209557845222755,1.266351105697443,1.4674579157387155,-0.1338259299812308
-1.1859995578593,2.106284662168879,-0.8896598578439897,-0.8900630441521487,-0.9462871340327442,-0.13383697433769298
-0.5775337384720988,-0.8777521069514665,-0.4898088667836574,-0.49798774417949565,-0.8685383915803693,-0.13382999436894813
1.8760849228230432,-0.3052334245039584,-0.899656132620498,-0.8900630441521487,1.2978242958426247,-0.13382121832675664
-0.020431916825375745,0.3713795638430967,-0.13993924960586668,0.12933273577674925,0.007901977882767025,-0.13383330135666324
-0.7000171176993925,-1.2767802795663965,-0.799693384855415,-0.8900630441521487,-1.1689312601463635,-0.13380539964737964
-0.2970072892741035,0.18054000302726075,0.5098186108671733,-0.6940253941658221,-0.04864256208259665,-0.13383381462416616
-0.7711364991862082,1.7593036425037225,0.4098558631020902,-0.3019500941931691,-0.18646987824817046,-0.13383625071552385
1.0068480379841844,-1.2767802795663965,-0.9396412317265312,0.011710145784953248,0.3082948464487613,-0.13369873089683906
0.8883157355061583,-0.3052334245039584,2.0092598273434192,0.7958607457302593,1.4427196795038688,-0.13382627822301904
1.955106457808394,0.09379474811097163,-0.8196859344084316,1.2271435757001778,1.4780600169822218,-0.1338252469626934
-0.21798575428875272,-0.49607298531979444,-0.38984611901857436,-0.1059124442068426,-0.4338522405966363,-0.13383083213188154
-0.05994268431805114,0.3713795638430967,0.109967619806841,-0.06670491420957725,0.06091248410029543,-0.13383342481821098
-0.6130934292155067,-0.7563087500686617,-0.6997306370903319,-0.8900630441521487,-0.9498211677805795,-0.13383171400373312
1.2439126429402367,-0.6001672912193413,1.70937158404817,0.12933273577674925,1.594683130660784,-0.13381960837078288
1.2439126429402367,-0.04499765975509108,1.309520592987838,0.7958607457302593,1.5664108606781018,-0.13382693334317108
0.3351649906087028,-0.7042615971188884,-0.0699653261703086,-0.8900630441521487,0.13159315905699998,-0.13382433417018558
-0.9923967971451904,-0.5481201382695678,-0.7797008353023984,-0.8900630441521487,-1.2749522725814202,-0.13383558671031667
-1.047711871634936,-0.3225824754872162,-0.7896971100789066,-0.8900630441521487,-1.2820203400770906,-0.13383618212665915
1.5679009363801752,-0.7025266920205624,-0.10995042527634169,-0.8900630441521487,1.2204289567650335,-0.13381425720684825
-1.2057549416056375,1.6899074385706916,1.309520592987838,-0.8900630441521487,-0.2712866881962158,-0.13383700520309535
1.4809772478962893,0.7183605835082532,-0.3598572946890495,1.5800113456755653,1.3437667345644826,-0.13383000904755757
-1.158342020614427,2.8349448034657074,-0.82968220918494,-0.8900630441521487,-0.7519152779018068,-0.13383694398245724
0.45369729308672896,0.1978890540105185,-0.3398647451360328,2.089709235640014,0.3259650151879374,-0.13383124366484112
0.17712192063800122,-0.634865393185857,-0.3498610199125411,0.3645779157603411,-0.0945850008044545,-0.13382671675499178
-0.3365180567667789,-0.44402583237002097,-0.3598572946890495,-0.8900630441521487,-0.5186690505446817,-0.13383188038867733
-1.0240054111393309,-0.339931526470474,0.010004872041757928,-0.8900630441521487,-0.9816274715110965,-0.13383604262220564
1.895840306569381,-0.2531862715541848,-0.8896598578439897,-0.49798774417949565,1.3296305995731421,-0.13382186188114883
0.41418652559405356,-1.2594312285831386,-0.9496375065030396,-0.8900630441521487,-0.2218102157265227,-0.13375264113384416
-0.6130934292155067,-0.3225824754872162,-0.76970456052589,2.1289167656372796,-0.8862085603195454,-0.1338339186664596
-1.1820484811100322,0.8224548894078001,-0.03997650184078361,-0.8900630441521487,-0.9038787290587215,-0.13383694641187002
-0.8343537271744887,1.0653416031734098,0.4098558631020902,-0.3803651541876997,-0.3843757681269432,-0.13383617624675226
0.2956542231160274,-1.2594312285831386,-0.9396412317265312,-0.49798774417949565,-0.3242971944137442,-0.13375881411452106
1.177534553552542,-0.6921172614306078,0.4778305315823467,-0.3842859071874262,1.0811880271003256,-0.133817761821278
-0.5538272779764936,0.4928229207259014,0.4798297865376483,0.7566532157329942,-0.225344249474358,-0.13383510135667392
-1.0753694088798087,-0.7910068520351774,-0.09995415049983342,-0.8900630441521487,-1.158329158902858,-0.1338357705901246
0.5722295955647552,-0.3052334245039584,2.7089990616990005,1.6584264056700961,1.4073793420255167,-0.133827897389823
1.955106457808394,-0.3052334245039584,-0.9196486821735147,-0.8900630441521487,1.3614369033036589,-0.13382081353505565
-1.114880176372484,-0.14909196565463795,2.459092192286293,-0.8900630441521487,-0.15819760826548873,-0.13383659954389807
1.0858695729695353,-1.311478381532912,-0.9876233506537712,-0.419572684184965,0.35494409192018633,-0.1335983205949317
0.6117403630574305,-1.2767802795663965,-0.9396412317265312,-0.8900630441521487,-0.04510852833476137,-0.13372342273724197
0.019078850667299647,-0.5307710872863101,-0.799693384855415,0.7958607457302593,-0.3737736668834376,-0.133829031653442
2.4292356677204987,-1.3635255344826855,-0.799693384855415,-0.8900630441521487,1.61235329939996,11.224636745065473
0.41418652559405356,0.7183605835082532,2.3091480706386682,1.6976339356673613,1.333164633320977,-0.13383278693284462
-1.0002989506437254,0.09379474811097163,-0.09995415049983342,-0.8900630441521487,-0.9109467965543919,-0.13383624091746923
-0.2574965217814281,-0.5654691892528257,-0.9496375065030396,0.28616285576581046,-0.6812346029451022,-0.13383056373860122
0.2047794578828741,1.6552093366041754,-0.4998051415601657,0.7566532157329942,0.34363518392711356,-0.13383447211164207
0.651251130550106,-0.339931526470474,1.409483340752921,-0.49798774417949565,1.0115675622679716,-0.13382717013748302
-0.9568371064017825,0.544870073675675,0.109967619806841,-0.5371952741767609,-0.7059728391799488,-0.13383629810507583
-0.3365180567667789,-1.0338935658007868,-0.5098014163366741,-0.1059124442068426,-0.6918367041886079,-0.1338227097164065
1.3624449454182632,-0.5307710872863101,1.0096323496925887,1.8544640556564227,1.4674579157387155,-0.13382028646995123
-0.652604196708182,0.11114379909422939,-0.5497865154427073,-0.5371952741767609,-0.755449311649642,-0.13383497171913852
1.0068480379841844,-0.44402583237002097,0.30989311533700714,-0.8900630441521487,0.9196826848242554,-0.13382396022094037
-0.9884457203959229,-0.9124502089179822,-0.9496375065030396,0.7958607457302593,-1.4057115212513236,-0.13383439352394183
0.7697834330281321,0.1458419010607449,0.20993036757192407,-0.8900630441521487,0.7924574699021875,-0.13382990971290634
-0.2574965217814281,-0.9818464128510135,-0.3398647451360328,0.3253703857630758,-0.5504753542751987,-0.1338235367183668
-0.3365180567667789,-0.9818464128510135,-0.22990572259444148,-0.34115762419043444,-0.582281658005716,-0.13382465909209418
1.2873744871821797,-0.42667678138676307,1.5594274624005455,0.050917675782218584,1.6158873331477952,-0.13382257850489918
0.9436308099959038,0.1458419010607449,2.5090735661688344,-0.5764028041740262,1.7607827168090393,-0.1338292853097697
0.45369729308672896,0.11114379909422939,-0.5297939658896907,1.6584264056700961,0.24114820523989206,-0.1338309047512249
0.003274543670229547,-0.47872393433653665,-0.6897343623138236,-0.5371952741767609,-0.3384333294050851,-0.13382959751734833
-1.1267334066202868,2.106284662168879,-0.6897343623138236,-0.811647984157618,-0.8225959528585113,-0.13383688174148586
0.9673372704915091,-0.339931526470474,2.229177872426602,0.48220050575213697,1.584081029417278,-0.1338254960837618
-0.34837128701458153,-1.2594312285831386,-0.9396412317265312,2.5994071256044635,-0.9003446953108862,-0.13379235397619899
-1.039809718136401,-1.2594312285831386,-0.9196486821735147,-0.3803651541876997,-1.5117325336863805,-0.13382836303014767
1.5204880153889648,-0.3225824754872162,0.5098186108671733,1.6976339356673613,1.4745259832343862,-0.13382280713457095
-0.17847498679607732,-0.7736578010519195,-0.7297194614198569,-0.3019500941931691,-0.5752135905100454,-0.1338275640442424
0.7302726655354568,0.1978890540105185,-0.6697418127608069,0.1685402657740146,0.45672426385784093,-0.13383028340846542
1.121429263712943,-0.3225824754872162,1.509446088518004,-0.8900630441521487,1.470991949486551,-0.13382488540257237
-0.3760288242594543,0.544870073675675,-0.17992434871189994,-0.06670491420957725,-0.28895685693539197,-0.133834648209697
1.1253803404622107,-1.2941293305496542,-0.9796263308325646,-0.34115762419043444,0.39664569014464196,-0.1336549037906128
0.7847975246753489,0.21870791519042776,-0.9276457019947214,0.13717424177620233,0.4185566993812203,-0.133830185036237
1.5204880153889648,0.7183605835082532,-0.45982004245413255,0.5606155657466676,1.3437667345644826,-0.13382990616291732
1.2439126429402367,-0.14909196565463795,1.209557845222755,1.0311059257138513,1.5098663207127385,-0.13382607004212513
-0.05994268431805114,-0.18379006762115363,1.70937158404817,0.4037854457576063,0.5132688038232044,-0.13383173993368433
0.8092942005208075,0.07644569712771386,-0.5697790649957238,0.1685402657740146,0.538007040058051,-0.1338294190131617
-0.68816388745159,-1.2420821775998807,-0.8826624655004339,-0.8900630441521487,-1.1805935715142197,-0.13381390056326592
0.7958605395732977,2.333557230049556,1.1025977051141158,2.058343211642202,1.577012961921608,-0.13383407016540042
-0.6130934292155067,-0.2184881695876693,-0.9096524073970063,1.2271435757001778,-0.914480830302227,-0.1338341992602741
1.9155956903157187,-1.2767802795663965,-0.9896226056090728,-0.8900630441521487,1.1034524397116874,-0.13364193966391238
2.5872787376912005,-1.3635255344826855,-0.9896226056090728,-0.8900630441521487,1.6865680081044998,11.718483429859758
-1.0121521808915281,-0.5828182402360835,-0.15993179915888323,-0.8900630441521487,-1.0805804164504826,-0.1338356608456631
0.3786268348506458,-0.14909196565463795,-0.2698908217004747,-0.34115762419043444,0.21287593525721032,-0.13382993262317752
0.3351649906087028,-1.3635255344826855,-0.9896226056090728,-0.14511997420410794,-0.3278312281615795,4.681168171541189
0.3746757581013782,0.04174759516119803,-0.7797008353023984,1.9328791156509533,0.06798055159596599,-0.13383090833797057
-1.047711871634936,0.544870073675675,0.39985958832558194,-0.5371952741767609,-0.6847686366929375,-0.13383655625197186
-1.0951247926261465,0.09379474811097163,0.6097813586322564,-0.8900630441521487,-0.7448472104061363,-0.13383659366468129
-0.020431916825375745,0.18054000302726075,-0.3498610199125411,-0.26274256419590375,-0.10518710204796033,-0.13383284357840508
-1.0200543343900632,-0.8430540049849509,-0.6897343623138236,-0.8900630441521487,-1.3279627787989485,-0.133835070976694
1.5599987828816402,-0.2063438338993888,-0.1569329167259308,1.725079206665447,1.2978242958426247,-0.13382404822554375
-0.6091423524662392,-0.9471483108844978,-0.8696673082909732,-0.8900630441521487,-1.0452400789721306,-0.13382923743864814
0.5011102140779395,1.1867849600562144,2.2491704219796183,-0.8900630441521487,1.4851280844778922,-0.13383337694420588
-1.055614025133471,-0.23583722057092707,-0.9896226056090728,-0.8900630441521487,-1.3420989137902897,-0.13383628342828183
-1.1780974043607648,1.4990678777548552,1.4594647146354625,-0.8900630441521487,-0.2324123169700283,-0.1338369528254484
1.2044018754475614,-0.39197867942024756,1.809334331813253,0.050917675782218584,1.6370915356348064,-0.13382355672364063
0.49320806057940436,-1.2767802795663965,-0.9396412317265312,-0.8900630441521487,-0.1511295407698182,-0.13373083028936286
-1.0516629483842035,-0.6869125461356305,0.08997507025382445,-0.8900630441521487,-1.0487741127199657,-0.13383577058954904
1.3071298709285173,-1.137987871700334,-0.9096524073970063,-0.14511997420410794,0.6157557825104262,-0.13377660441934577
-1.1109290996232166,-0.6869125461356305,-0.6897343623138236,-0.5764028041740262,-1.377439251268642,-0.133836245440913
-0.6921149642008574,-0.16644101663789573,-0.09995415049983342,-0.4587802141822303,-0.6883026704407728,-0.1338346791170091
-1.1622930973636945,2.4532656818340355,-0.8596710335144647,-0.6940253941658221,-0.8438001553455226,-0.1338369434722878
-0.8639868027939953,-1.1189039156187504,-0.9186490546958639,-0.8900630441521487,-1.3254889551754643,-0.13382943118974885
0.9831415774885792,-0.2705353225374428,2.199189048097077,-0.8900630441521487,1.601751198156454,-0.1338261484320991
0.13761115314532582,-0.06234671073834885,0.4098558631020902,-0.8900630441521487,0.2552843402312329,-0.1338314082814636
-0.850158034171559,0.02439854417794027,1.209557845222755,-0.8900630441521487,-0.3278312281615795,-0.13383561626103055
0.9673372704915091,-0.23583722057092707,1.70937158404817,1.1879360457029124,1.4215154770168577,-0.13382655846237354
1.6753702239602524,-0.7129361226105172,0.010004872041757928,0.6782381557384635,1.356842659431473,-0.1338129977336118
-0.9963478738944579,1.5164169287381133,-0.929644956950023,-0.8900630441521487,-0.9109467965543918,-0.133836611018479
-1.1741463276114972,1.9327941523363008,-0.6897343623138236,-0.8900630441521487,-0.9003446953108862,-0.13383695321926115
-0.7513811154398705,-1.2594312285831386,-0.9896226056090728,-0.8900630441521487,-1.2784863063292555,-0.1338133421105005
1.160149815855765,-0.11612876878644803,1.4644628520237166,0.28224210276608397,1.531777329949317,-0.13382672304094068
0.8606581982612854,0.09379474811097163,-0.4998051415601657,1.7368414656646267,0.6122217487625906,-0.13382931825343258
-0.09945345181072653,0.04174759516119803,-0.10995042527634169,0.4429929757548716,-0.11932323703930094,-0.133832737397508
0.3983822185969835,0.3366814618765812,-0.5098014163366741,1.776048995661892,0.2446822389877273,-0.13383189036765064
-0.4550503592448051,0.544870073675675,-0.8196859344084316,1.1487285157056473,-0.5858156917535511,-0.13383487268525876
-1.1298942680197008,1.9726969695977938,-0.8936583677545932,-0.8900630441521487,-0.9247295281709493,-0.13383688193409618
1.0068480379841844,1.7593036425037225,0.109967619806841,2.364161945620872,1.2978242958426247,-0.13383316417545862
-1.1421426059424302,0.7183605835082532,-0.6177611839229638,-0.8900630441521487,-1.0936563413174731,-0.13383683955882453
0.2956542231160274,0.544870073675675,-0.059969051393800155,1.3447661656919736,0.35423728517061914,-0.13383274016742217
-1.2057549416056375,2.4359166308507776,-0.4998051415601657,-0.8900630441521487,-0.7589833453974772,-0.13383700520309535
-1.1267334066202868,0.5691587450522361,1.5234408732051157,-0.34115762419043444,-0.35327627114599314,-0.13383678354858838
-0.09945345181072653,0.8918510933408315,0.5098186108671733,-0.8900630441521487,0.272954508970409,-0.13383434603068428
-1.166244174112962,2.106284662168879,-0.7896971100789066,-0.6940253941658221,-0.8932766278152158,-0.1338369434722906
0.28854228496734585,0.4581248187593859,-0.7377164812410635,1.5800113456755653,0.09059836758211146,-0.13383255823551654
-1.20180386485637,-1.2767802795663965,-0.36985356946555775,-0.8900630441521487,-1.4657900949645226,-0.13383675828469133
-1.047711871634936,-0.5307710872863101,1.1095950974576718,-0.8900630441521487,-0.6529623329624203,-0.13383597635797878
0.9633861937422415,-0.7736578010519195,0.3298856648900237,-0.34115762419043444,0.8207297398848692,-0.13381706983305586
1.441466480403614,0.00704949319468251,0.30989311533700714,0.7174456857357286,1.4003112745298465,-0.1338265344163871
0.908071119252496,-0.3225824754872162,2.459092192286293,-0.8900630441521487,1.6158873331477952,-0.13382599655576122
-0.3918331312565244,0.21523810499377627,-0.4698163172306408,-0.8900630441521487,-0.4727266118228236,-0.13383421035954388
-0.7316257316935328,-0.14909196565463795,-0.38984611901857436,-0.5764028041740262,-0.8225959528585113,-0.13383488872032692
-0.6249466594633093,-0.9644973618677557,-0.6897343623138236,-0.8900630441521487,-0.9992976402502726,-0.13382911442624387
-0.7711364991862082,-0.16644101663789573,0.010004872041757928,-0.8900630441521487,-0.7201089741712897,-0.133835036976407
0.7302726655354568,-0.07969576172160661,-0.5197976911131823,0.3645779157603411,0.45319023011000564,-0.13382883004942836
-0.9923967971451904,-1.0859407187505605,-0.9396412317265312,-0.8900630441521487,-1.441051858729676,-0.13383283839773494
-0.2574965217814281,0.3713795638430967,-0.11994670005285013,1.4623887556837696,-0.19707197949167604,-0.13383404212594965
0.9278265029988337,0.3366814618765812,-0.2698908217004747,-0.8900630441521487,0.803059571145693,-0.13383020221999153
-0.352322363763849,-0.4093277304035053,-0.6697418127608069,-0.8900630441521487,-0.6352921642232442,-0.1338321565353695
-0.3365180567667789,-1.0859407187505605,-0.2698908217004747,0.5606155657466676,-0.617621995484068,-0.13382002932940476
-0.9884457203959229,-1.1900350246501072,-0.539790240666199,0.28616285576581046,-1.317360677555443,-0.13383021487908267
1.3229341779255879,0.1458419010607449,0.7097441063973394,1.6976339356673613,1.4639238819908806,-0.13382792297565343
-1.0240054111393309,-0.11439386368812228,-0.9896226056090728,-0.8900630441521487,-1.2890884075727613,-0.13383621642129157
1.3229341779255879,-0.738959699085404,1.509446088518004,0.12933273577674925,1.5664108606781018,-0.1338150565225175
1.8326230785811006,0.4754738697426436,-0.9096524073970063,0.48220050575213697,1.4144474095211872,-0.1338280484167195
-0.3365180567667789,-0.2011391186044114,-0.1999168982649165,-0.1059124442068426,-0.4126480381096249,-0.1338329512438231
1.2174404287201444,-1.2767802795663965,-0.9596337812795478,-0.8900630441521487,0.48959077771270826,-0.13368557014590432
-1.0714183321305413,2.017804502154264,-0.22990572259444148,-0.6940253941658221,-0.6285775001023575,-0.13383678982625252
1.0147501914827197,1.4817188267715973,0.4198521378785985,2.2857468856263408,1.3579028695558233,-0.13383277438499136
1.5204880153889648,-0.23583722057092707,0.7097441063973394,0.6390306257411982,1.5628768269302669,-0.13382389929200797
0.45369729308672896,0.7183605835082532,1.309520592987838,2.7562372455935247,1.0151015960158067,-0.13383268404820436
-0.8304026504252213,0.21523810499377627,0.08997507025382445,-0.8900630441521487,-0.6670984679537613,-0.13383571631893326
0.5311383973723728,0.9126699545207407,1.5714229921323557,1.4780717676826758,1.2165415196424147,-0.1338328684874481
-0.5459251244779585,-0.92979925990124,-0.6897343623138236,-0.6940253941658221,-0.9215488977978976,-0.1338287579964481
-0.6921149642008574,-0.2705353225374428,-0.5297939658896907,0.09012520577948392,-0.8614703240846988,-0.13383445758535253
0.8883157355061583,-0.2011391186044114,2.4091108184037515,0.4037854457576063,1.6052852319042896,-0.13382723884666675
-0.7711364991862082,1.9327941523363008,0.7097441063973394,0.5998230957439328,-0.04510852833476137,-0.13383629042537515
-0.9726414133988527,-1.1553369226835917,0.010004872041757928,-0.49798774417949565,-1.1017846189374942,-0.133830935054846
0.3470182208565053,1.6552093366041754,1.1995615704462463,2.8738598355853204,1.07164613598117,-0.13383421667384848
2.0499322997908154,-1.311478381532912,-0.9896226056090728,-0.811647984157618,1.2165415196424147,-0.1334979084494284
-1.1741463276114972,2.2797751720014574,-0.7497120109728734,-0.8900630441521487,-0.8508682228411931,-0.13383695817010016
1.3624449454182632,0.5882427011338195,-0.4148368059598451,2.344558180622239,1.191803283407568,-0.1338298718684335
-0.4878442962637256,0.3835238995313773,-0.04997277661729188,-0.5567990391753935,-0.37589408713213857,-0.13383477750067432
-0.7316257316935328,-0.2531862715541848,-0.7297194614198569,-0.06670491420957725,-0.9639573027719204,-0.1338346903003774
-0.6130934292155067,-0.8604030559682087,-0.29987964602999956,0.28616285576581046,-0.8296640203541819,-0.13383061927660553
1.0858695729695353,1.2388321130059878,-0.30987592080650794,2.089709235640014,1.114054540955193,-0.1338322313549916
1.8156334485592498,-0.3434013366671256,-0.8426773663944006,-0.8900630441521487,1.256122697618169,-0.1338209489140813
1.441466480403614,0.21523810499377627,0.30989311533700714,1.4623887556837696,1.4427196795038688,-0.13382791517795217
0.9013542887787411,-0.3225824754872162,2.1202184773626613,1.1134417387081086,1.490075731724861,-0.13382603153650977
-1.1899506346085675,2.2797751720014574,-0.6097641641017572,-0.8900630441521487,-0.8155278853628408,-0.13383698168659774
1.2044018754475614,0.31933241089332315,1.0096323496925887,0.12933273577674925,1.499264219469233,-0.13382924112662212
-0.5735826617228312,0.09379474811097163,-0.5297939658896907,-0.5764028041740262,-0.6812346029451022,-0.13383465355501495
-1.150439867115892,1.0653416031734098,0.30989311533700714,-0.7332329241630875,-0.7024388054321136,-0.13383688174151234
-1.1030269461246816,1.0653416031734098,0.21992664234843234,0.050917675782218584,-0.6918367041886078,-0.1338367759172983
-0.9133752621598396,0.11114379909422939,-0.929644956950023,-0.8900630441521487,-1.1229888214245056,-0.13383593036157532
-0.047694346395321816,0.4581248187593859,-0.15093515186002576,-0.027497384212311918,-0.002700123360738555,-0.13383355886201298
-0.850158034171559,-1.120638820717076,-0.6097641641017572,-0.8900630441521487,-1.2042715976247156,-0.1338290684380666
-1.0951247926261465,0.09379474811097163,0.6097813586322564,-0.8900630441521487,-0.7448472104061363,-0.13383659366468129
1.7575526203450171,-0.49607298531979444,0.6977485766655294,2.662139173600088,1.7176675050854495,-0.13381848598945398
0.7658323562788645,0.04174759516119803,-0.09995415049983342,0.20774779577127978,0.6581641874844489,-0.1338293993638522
-1.1267334066202868,1.7593036425037225,-0.8396784839614482,-0.8900630441521487,-0.9462871340327442,-0.1338368680235369
-0.7316257316935328,-1.311478381532912,-0.9696300560560562,-0.14511997420410794,-1.2643501713379146,-0.13378762218071666
-1.1267334066202868,-1.2594312285831386,-0.9396412317265312,-0.6940253941658221,-1.5965493436344258,-0.13383288988264408
-0.3365180567667789,-0.634865393185857,-0.6497492632077904,0.5606155657466676,-0.6600304004580909,-0.1338305381785731
-0.05994268431805114,0.16319095204400297,-0.14993552438237495,-0.18432750420137317,-0.07338079831744335,-0.13383293658446338
1.2834234104329123,-0.6001672912193413,1.509446088518004,0.4429929757548716,1.5593427931824317,-0.13381932777671335
0.738174819033992,0.9092001443240892,1.6763838772856927,1.8544640556564227,1.4381254356316833,-0.13383236832554873
-0.9015220319120371,1.7593036425037225,0.9096696019275056,-0.419572684184965,-0.1263913045349715,-0.1338364770617953
-1.0674672553812736,-0.8604030559682087,-0.13993924960586668,-0.6940253941658221,-1.1795333613898693,-0.13383551515358105
-0.09945345181072653,0.544870073675675,-0.1999168982649165,0.2469553257685451,-0.04864256208259665,-0.13383386254523089
-1.1701952508622298,1.8633979484032697,-0.7397157361963651,-0.8900630441521487,-0.9286169652935681,-0.13383694546360916
-0.9489349529032475,2.4532656818340355,-0.8696673082909732,-0.8861422911524223,-0.6564963667102557,-0.1338366404301417
-1.0161032576407956,-1.0165445148175292,-0.9596337812795478,-0.3803651541876997,-1.4551879937210168,-0.1338340421378019
1.2834234104329123,-0.04499765975509108,0.9096696019275056,0.8350682757275248,1.460389848243045,-0.13382677089381745
0.8488049680134829,-0.14909196565463795,2.0092598273434192,2.168124295634545,1.439185645756034,-0.1338278337777655
-1.2057549416056375,-1.3635255344826855,-0.9896226056090728,-0.8900630441521487,-1.706104389817318,-0.13383700520309535
-1.0872226391276114,0.02439854417794027,0.5098186108671733,-0.1059124442068426,-0.787255615380159,-0.13383654222240707
-1.2057549416056375,-0.6695634951523727,-0.6897343623138236,-0.8900630441521487,-1.4587220274688522,-0.13383700520309535
-1.1859995578593,2.4532656818340355,-0.8596710335144647,-0.8900630441521487,-0.8650043578325339,-0.13383697714363738
1.4809772478962893,0.21523810499377627,0.30989311533700714,1.4231812256865044,1.4780600169822211,-0.13382777950593513
-0.5735826617228312,-0.11439386368812228,-0.639752988431282,-0.14511997420410794,-0.7625173791453125,-0.1338342616142126
1.0819184962202677,0.30198335991006536,2.029252376896436,-0.14511997420410794,1.7466465818176986,-0.1338295589288077
-1.106978022873949,2.2797751720014574,1.1095950974576718,-0.8900630441521487,-0.13345937203064204,-0.13383685822498534
-0.2693497520292307,-0.5654691892528257,-0.9496375065030396,0.28616285576581046,-0.691836704188608,-0.13383064425690738
0.7302726655354568,-0.3052334245039584,2.3091480706386682,0.87427580572479,1.4073793420255167,-0.13382708780642102
-0.11525775880779664,-0.8257049540016931,-0.9196486821735147,-0.34115762419043444,-0.5964177929970567,-0.13382601316718232
0.49320806057940436,-0.02764860877183317,-0.30987592080650794,2.2857468856263408,0.3259650151879374,-0.13383011059924219
-0.7711364991862082,-0.7563087500686617,0.7097441063973394,-0.8900630441521487,-0.5928837592492215,-0.13383312499022973
-1.166244174112962,2.800246701499192,1.309520592987838,-0.8900630441521487,-0.009768190856409108,-0.13383695376075377
1.4612218641499517,0.8051058384245423,-0.23990199737094975,3.0306899555743816,1.3861751395385056,-0.13383033827818416
-0.13896421930340191,-0.8777521069514665,-0.7597082857493818,-0.6548178641685568,-0.5716795567622102,-0.13382510001303402
-0.3365180567667789,-0.4093277304035053,-0.04997277661729188,-0.8900630441521487,-0.40204593686611934,-0.1338320667452264
0.6907618980427813,-0.23583722057092707,-0.29987964602999956,-0.26274256419590375,0.4637923313535112,-0.13382788804755633
0.9159732727510312,-0.18379006762115363,1.7493566831542031,0.4429929757548716,1.4003112745298465,-0.13382725537663426
1.603460627123583,0.18054000302726075,-0.6297567136547738,2.677822185598994,1.2483478233729315,-0.13382714215257943
-0.05994268431805114,-0.9471483108844978,-0.639752988431282,-0.8900630441521487,-0.4727266118228239,-0.1338220869799848
1.3229341779255879,0.26728525794354985,0.4098558631020902,1.5015962856810348,1.3826411057906705,-0.13382859931102
-1.1859995578593,-1.2767802795663965,-0.9396412317265312,-0.6940253941658221,-1.6530938835997895,-0.1338357706110752
-0.7316257316935328,-0.8430540049849509,-0.8396784839614482,-0.22353503419863852,-1.1229888214245056,-0.13383206675270892
-0.8462069574222916,0.00704949319468251,0.6597627325147979,-0.8900630441521487,-0.5222030842925169,-0.1338355830514678
-1.039809718136401,-0.6695634951523727,-0.8796635830674815,-0.8900630441521487,-1.377439251268642,-0.13383570885878862
-0.9410327994047124,-0.8430540049849509,-0.6897343623138236,-0.8900630441521487,-1.2572821038422441,-0.1338342479016296
-1.1701952508622298,0.8918510933408315,1.409483340752921,-0.8900630441521487,-0.3667055993877671,-0.1338369197296964
-1.1701952508622298,2.800246701499192,-0.7397157361963651,-0.8900630441521487,-0.7377791429104659,-0.13383695890498795
-0.4155395917521297,-1.0685916677673026,-0.2898833712534913,0.4429929757548716,-0.6918367041886079,-0.1338224803860415
-1.1267334066202868,1.2388321130059878,1.70937158404817,-0.6940253941658221,-0.1511295407698182,-0.1338368405876435
0.9278265029988337,-0.2531862715541848,2.0092598273434192,0.7174456857357286,1.4886621182257274,-0.13382658814086462
-0.17847498679607732,0.31933241089332315,0.20993036757192407,0.4037854457576063,-0.02037029209991469,-0.13383369592459857
1.208352952196829,0.4234267167928703,0.699747831620831,2.2857468856263408,1.4144474095211876,-0.13382968141592405
-0.3365180567667789,-0.8951011579347243,-0.23990199737094975,-0.8900630441521487,-0.5681455230143748,-0.13382694540047843
-0.5933380454691689,-0.7042615971188884,-0.6897343623138236,-0.8900630441521487,-0.9180148640500624,-0.1338319692797594
1.1332824939607458,-1.0338935658007868,-0.8396784839614482,0.6390306257411982,0.506200736327534,-0.13379853734800534
-0.8572699723202406,0.7704077364580267,1.82932688136627,-0.8900630441521487,0.036881054615015896,-0.1338361198932948
1.8365741553303678,-1.3635255344826855,-0.9896226056090728,-0.6940253941658221,1.0151015960158067,9.372711677086901
-1.039809718136401,-0.04499765975509108,-0.38984611901857436,-0.8900630441521487,-1.0770463827026475,-0.13383632291581016
1.465172940899219,-0.42667678138676307,0.5098186108671733,1.8544640556564227,1.4038453082776816,-0.13382154965954446
1.2044018754475614,0.3713795638430967,0.9096696019275056,2.246539355629076,1.4745259832343862,-0.1338294740486834
-1.1464887903666245,1.0653416031734098,-0.7397157361963651,-0.8900630441521487,-1.069978315206977,-0.13383687292282784
1.0661141892231976,-0.2705353225374428,2.0992263003319938,0.28616285576581046,1.6406255693826415,-0.13382573689384836
1.7615036970942843,-1.297599140746306,-0.9896226056090728,-0.8900630441521487,0.9613842830487108,-0.13359301237377474
-0.17847498679607732,-0.3746296284369896,-0.7397157361963651,-0.49798774417949565,-0.49746484805767033,-0.13383137362797326
-1.2057549416056375,-1.2767802795663965,-0.8696673082909732,-0.811647984157618,-1.646025816104119,-0.13383700520309535
0.019078850667299647,-0.3225824754872162,-0.929644956950023,-0.18432750420137317,-0.37730770063127267,-0.13383062636071483
0.28577653124285857,0.3713795638430967,-0.8146877970201775,1.7564452306632594,0.04324231536111929,-0.13383234452966827
-1.1859995578593,2.1930299170851684,-0.6897343623138236,-0.8900630441521487,-0.8579362903368636,-0.1338369750905073
0.5722295955647552,0.26728525794354985,-0.8396784839614482,0.6782381557384635,0.26942047522257373,-0.13383109481022987
-1.0674672553812736,-0.18379006762115363,1.729364133601187,-0.8900630441521487,-0.3808417343791079,-0.13383636973954574
-1.0358586413871333,-0.339931526470474,-0.1299429748293584,-0.14511997420410794,-1.0417060452242954,-0.1338361053992202
-0.8857177249149669,-0.738959699085404,-0.7797008353023984,-0.49798774417949565,-1.2184077326160567,-0.13383422732320974
0.826283830542658,0.12328813478250991,0.552802592406159,2.470022276613488,0.9596172661747938,-0.13382959607084258
0.9673372704915091,-1.2420821775998807,-0.9396412317265312,0.011710145784953248,0.2800225764660796,-0.13374000099007094
0.9673372704915091,0.3713795638430967,1.0096323496925887,1.0703134557111165,1.2978242958426247,-0.1338302148179698
-0.13896421930340191,-0.46137488335327875,-0.4898088667836574,-0.8900630441521487,-0.3914438356226135,-0.13383059470557254
0.8606581982612854,0.09379474811097163,-0.4998051415601657,1.7368414656646267,0.6122217487625906,-0.13382931825343258
0.7855877400252023,-0.11439386368812228,-0.16992807393539167,-0.3803651541876997,0.6192898162582612,-0.13382836289811464
-0.28910513577556846,-1.1553369226835917,-0.9796263308325646,-0.8900630441521487,-0.8402661215976874,-0.13381313614557244
-0.880581325140919,-0.7736578010519195,-0.9696300560560562,-0.8900630441521487,-1.2880281974484107,-0.1338340167131969
-0.5340718942301559,0.26728525794354985,0.109967619806841,0.6782381557384635,-0.3843757681269432,-0.13383477238801283
-0.5340718942301559,0.8918510933408315,0.20993036757192407,-0.18432750420137317,-0.2218102157265227,-0.13383539070556005
0.3351649906087028,-0.47872393433653665,0.20993036757192407,-0.419572684184965,0.2764885427182443,-0.13382756403498636
0.019078850667299647,0.544870073675675,0.5098186108671733,0.3645779157603411,0.3082948464487613,-0.1338335258318883
0.11390469264972054,2.01953940725259,2.639025138263442,1.4231812256865044,1.446253713251704,-0.13383489052735004
-1.063516178632006,1.7593036425037225,-0.8696673082909732,-0.8900630441521487,-0.9003446953108862,-0.13383675827989014
-0.5862261073204874,-0.16644101663789573,-0.2339042325050448,-0.8900630441521487,-0.6409466182197807,-0.13383419958541598
1.6627267783625959,-0.5134220363030522,0.9096696019275056,-0.3803651541876997,1.7042381768436758,-0.13381871275608195
2.1447581417732358,0.00704949319468251,-0.8596710335144647,-0.26274256419590375,1.6158873331477952,-0.13382375262529148
-1.1859995578593,1.794001744470238,1.8793082552488114,-0.8900630441521487,-0.03097239334342052,-0.13383697128507246
-1.1780974043607648,1.7593036425037225,-0.7597082857493818,-0.8900630441521487,-0.9639573027719204,-0.13383695719024988
-1.1780974043607648,2.2797751720014574,-0.5497865154427073,-0.6940253941658221,-0.7837215816323237,-0.13383696404922454
-0.46690358949260774,-1.1553369226835917,-0.5997678893252488,-0.8900630441521487,-0.865004357832534,-0.13381776591966094
-1.004250027392993,-1.120638820717076,-0.6997306370903319,-0.8900630441521487,-1.3739052175208066,-0.1338325077029124
-0.09945345181072653,-1.1900350246501072,-0.9796263308325646,-0.8900630441521487,-0.677700569197267,-0.13380243628084898
1.5599987828816402,-0.2011391186044114,1.1095950974576718,0.050917675782218584,1.7466465818176986,-0.13382410624177454
-1.2057549416056375,2.106284662168879,0.4098558631020902,-0.8900630441521487,-0.5045329155533409,-0.13383700520309535
0.07439392515704514,-0.7667181806586165,-0.8056911497213199,0.5214080357494023,-0.3744804736330045,-0.13382537687019275
1.9926416869264358,-1.3635255344826855,-0.9896226056090728,-0.8900630441521487,1.1546959290552983,9.86038527832126
1.5599987828816402,-1.1553369226835917,-0.9896226056090728,-0.8900630441521487,0.8101276386413636,-0.13376498649505209
-0.7316257316935328,-1.2767802795663965,-0.929644956950023,-0.3803651541876997,-1.2431459688509032,-0.13380737499461187
1.441466480403614,0.00704949319468251,0.8097068541624225,1.0703134557111165,1.577012961921608,-0.1338265344163871
0.3746757581013782,0.544870073675675,-0.1899206234884082,2.5209920656099323,0.37897552140546586,-0.13383251569186042
0.3746757581013782,-0.339931526470474,1.0096323496925887,-0.3803651541876997,0.6228238500060966,-0.13382863493448913
-0.94498387615398,-1.3461764834994279,-0.9896226056090728,-0.8900630441521487,-1.4693241287123577,-0.13375552864775983
0.9673372704915091,-0.2705353225374428,1.70937158404817,1.1095209857083816,1.4144474095211872,-0.13382622682033735
0.49320806057940436,-0.02764860877183317,-0.30987592080650794,2.2857468856263408,0.3259650151879374,-0.13383011059924219
-1.166244174112962,2.4532656818340355,-0.7896971100789066,-0.8900630441521487,-0.8225959528585113,-0.1338369490841794
-1.2057549416056375,1.6899074385706916,1.309520592987838,-0.8900630441521487,-0.2712866881962158,-0.13383700520309535
-0.7316257316935328,-1.32882743251617,-0.7397157361963651,-0.6940253941658221,-1.1866014288855395,-0.13376293190404118
0.7302726655354568,0.1978890540105185,-0.4998051415601657,1.1879360457029124,0.5168028375710396,-0.13383028340846542
-1.047711871634936,-0.6695634951523727,-0.8396784839614482,-0.8900630441521487,-1.3703711837729715,-0.13383577058946988
-0.4550503592448051,-0.23583722057092707,-0.1899206234884082,0.09012520577948392,-0.5222030842925169,-0.13383339632902783
-0.9161410158843268,0.903995429029112,-0.38984611901857436,1.0977587267092024,-0.7731194803888182,-0.13383631279807814
0.9278265029988337,-0.2878843735207005,2.109222575108502,0.8350682757275248,1.516934388208409,-0.1338262521071411
0.8369517377656804,-0.14909196565463795,2.559054940051376,-0.8900630441521487,1.6229554006434657,-0.1338278866898347
-0.2574965217814281,0.7183605835082532,-0.2698908217004747,0.011710145784953248,-0.1794018107524999,-0.13383453597172906
-0.9844946436466554,-1.1900350246501072,-0.9796263308325646,-0.3019500941931691,-1.4693241287123577,-0.13383009141864607
0.20873053463214142,-0.42667678138676307,1.0096323496925887,-0.1059124442068426,0.45672426385784065,-0.1338288201667178
-0.8896688016642345,-0.7563087500686617,-0.1899206234884082,-0.1059124442068426,-1.0169678089894487,-0.13383418323010216
-0.9568371064017825,-1.0338935658007868,2.7089990616990005,-0.6156103341712915,-0.10872113579579536,-0.13383291149554355
-0.3365180567667789,-0.4093277304035053,0.20993036757192407,-0.34115762419043444,-0.3101610594224034,-0.1338320667452264
-1.063516178632006,-0.8604030559682087,-0.9496375065030396,-0.027497384212311918,-1.4622560612166873,-0.1338354725807378
2.1131495277790955,-1.2767802795663965,-0.9396412317265312,1.266351105697443,1.2978242958426247,-0.13362959374371094
0.45369729308672896,-1.0165445148175292,-0.9596337812795478,1.5408038156783002,-0.1405274395263126,-0.13381107838177775
-0.7079192711979276,-0.738959699085404,-0.6797380875373153,-0.8900630441521487,-1.0240358764851192,-0.1338326840566066
1.1253803404622107,-1.2941293305496542,-0.9796263308325646,-0.419572684184965,0.39664569014464196,-0.1336549037906128
-1.0319075646378657,-1.3635255344826855,-0.9896226056090728,-0.8900630441521487,-1.5506069049125681,0.4093943480706188
-0.5735826617228312,0.1978890540105185,0.5597999847497148,3.0306899555743816,-0.2748207219440511,-0.13383481033137945
0.6749575910457112,-0.2184881695876693,1.439472165082446,0.20774779577127978,1.068112102233335,-0.1338281010112092
-0.8620112644193616,-1.3461764834994279,-0.9896226056090728,-0.811647984157618,-1.395109420007818,-0.133729604289244
-0.8896688016642345,-0.5307710872863101,-0.5697790649957238,-0.3803651541876997,-1.1053186526853294,-0.13383494751286223
-0.6130934292155067,0.7183605835082532,0.109967619806841,0.28616285576581046,-0.3631715656399318,-0.13383546193349144
0.694712974792049,0.22217772538707956,-0.38684723658562187,1.1369662567064676,0.5298787624380301,-0.1338305079384483
-1.1701952508622298,1.2388321130059878,0.4098558631020902,-0.8900630441521487,-0.6494282992145852,-0.13383693112614203
0.5327188280720797,-0.738959699085404,-0.6297567136547738,2.246539355629076,0.10332088907431825,-0.13382191548519806
-0.13896421930340191,0.354030512859839,0.4098558631020902,0.050917675782218584,0.09271878783081242,-0.13383363807000925
-1.0279564878885983,-1.3635255344826855,-0.9896226056090728,-0.8900630441521487,-1.5470728711647328,0.4217405151904759
0.5366699048213474,-1.3270925274178442,-0.9866237231761203,-0.8900630441521487,-0.13911382602717828,-0.1335777480391576
1.6390203178669909,-0.04499765975509108,-0.7097269118668402,0.4037854457576063,1.2059394183989085,-0.1338253088496349
0.8883157355061583,-0.3225824754872162,2.109222575108502,1.0703134557111165,1.4745259832343862,-0.13382609944031573
0.8092942005208075,-1.2767802795663965,-0.9396412317265312,-0.8900630441521487,0.13159315905699998,-0.13371107681704053
0.3865289883491807,-0.1317429146713802,2.5290661157218515,2.728791974595439,1.2130074858945792,-0.1338299974589523
-0.04808945407024849,0.07124098183273632,-0.17992434871189994,-0.2352972931978181,-0.09211117718096984,-0.13383263105244
1.4019557129109386,-0.7910068520351774,0.30989311533700714,0.09012520577948392,1.2024053846510736,-0.13381231294368065
2.152660295271771,-0.46137488335327875,-0.8396784839614482,0.9134833357220552,1.534604556947585,-0.1338168240071902
-0.9291795691569098,0.8918510933408315,0.30989311533700714,-0.26274256419590375,-0.5398732530316931,-0.1338363404099926
0.9752394239900443,0.6489643795752218,1.149580196563705,2.5209920656099323,1.4109133757733516,-0.1338311301355306
-1.1978527881071026,1.3429264189055348,0.8097068541624225,-0.3019500941931691,-0.5116009830490114,-0.1338369893746861
0.8488049680134829,-0.2705353225374428,2.109222575108502,0.9918983957165859,1.4497877469995395,-0.13382681473212416
-1.166244174112962,2.106284662168879,2.2091853228735854,-0.49798774417949565,0.16693349653535222,-0.1338369434722906
0.45369729308672896,0.3713795638430967,-0.5297939658896907,1.4231812256865044,0.29415871145742045,-0.1338318198180904
-0.7948429596818134,-1.2420821775998807,-0.9696300560560562,-0.811647984157618,-1.3067585763119374,-0.1338186625882689
-0.7316257316935328,1.5858131326711444,0.20993036757192407,0.4429929757548716,-0.257150553204875,-0.13383613370945835
-1.099075869375414,2.6788033446163872,0.5498037099732066,-0.8900630441521487,-0.24301441821353412,-0.1338368621359841
0.826283830542658,0.12328813478250991,0.552802592406159,2.470022276613488,0.9596172661747938,-0.13382959607084258
0.9673372704915091,-0.2531862715541848,1.9092970795783362,0.7174456857357286,1.4886621182257274,-0.1338263952323048
-0.7711364991862082,-1.2073840756333651,-0.9396412317265312,-0.49798774417949565,-1.26788420508575,-0.13382191561094434
-1.1188312531217517,0.1978890540105185,2.2091853228735854,-0.8900630441521487,-0.1794018107524999,-0.13383670340823442
-0.7316257316935328,-1.2767802795663965,-0.9396412317265312,-0.34115762419043444,-1.2466800025987386,-0.13380737499461187
-1.0161032576407956,-0.8430540049849509,-0.6897343623138236,-0.8900630441521487,-1.3244287450511136,-0.13383502982294077
0.45369729308672896,0.7183605835082532,2.9089245572291667,0.6782381557384635,1.580546995669443,-0.13383268404820436
-0.9805435668973879,-1.137987871700334,-0.5797753397722323,0.4429929757548716,-1.3138266438076078,-0.13383159192530647
-0.6644574269559846,-0.6522144441691149,-0.20991317304142484,-0.8900630441521487,-0.8013917503715,-0.13383287978658315
-0.652604196708182,-1.120638820717076,-0.9196486821735147,-0.8900630441521487,-1.1371249564158463,-0.13382465912416178
-0.9765924901481202,-1.3635255344826855,-0.9896226056090728,-0.8900630441521487,-1.501130432442875,0.5822406877486186
1.2044018754475614,0.544870073675675,0.4098558631020902,1.5408038156783002,1.333164633320977,-0.13383015869846207
-1.1820484811100322,1.4123226228385661,0.5098186108671733,-0.6940253941658221,-0.5893497255013862,-0.13383695890499758
-0.2970072892741035,0.02439854417794027,-0.0699653261703086,-0.14511997420410794,-0.2854228231875567,-0.1338334556844853
0.2917031463667598,0.5795681756421905,-0.029980227064275337,1.3839736956892388,0.36837342016196,-0.13383282735205912
0.9041200425032284,-0.16644101663789573,2.319144345415177,-0.8900630441521487,1.594683130660784,-0.13382745035717195
-0.17847498679607732,-0.7042615971188884,-0.4298312181246076,0.011710145784953248,-0.45505644308364773,-0.13382855784782216
-0.837119480898976,-0.09184009740988713,-0.38984611901857436,-0.4587802141822303,-0.9052923425578556,-0.1338354337217573
-0.05994268431805114,-0.7910068520351774,-0.76970456052589,-0.419572684184965,-0.48686274681416475,-0.13382615557395858
1.5916073968757802,-0.8604030559682087,-0.9496375065030396,-0.3803651541876997,0.9126146173285854,-0.13380686363006333
1.1253803404622107,-0.5134220363030522,2.0092598273434192,0.4429929757548716,1.61235329939996,-0.13382213944037094
0.45369729308672896,0.09379474811097163,-0.4698163172306408,1.8544640556564227,0.25881837397906815,-0.13383083212688432
1.8760849228230432,-0.06234671073834885,-0.929644956950023,-0.8900630441521487,1.3366986670688121,-0.1338241652064107
1.3624449454182632,1.0653416031734098,-0.5797753397722323,2.089709235640014,1.2306776546337552,-0.1338312730581698
0.45369729308672896,-0.3746296284369896,1.209557845222755,-0.26274256419590375,0.7571171324238352,-0.13382790804328273
-0.1689924025978353,-0.22369288488264655,-0.5118006712919757,-0.27450482319508335,-0.37766110400605607,-0.13383207426044497
0.256143455623352,-0.04499765975509108,0.4098558631020902,-0.027497384212311918,0.364839386414125,-0.1338309945770115
-0.8106472666788836,-1.0165445148175292,-0.7197231866433484,0.09012520577948392,-1.1866014288855395,-0.13383083215040067
-0.13896421930340191,-0.2531862715541848,0.6097813586322564,-0.027497384212311918,0.03970828161328402,-0.13383179667197997
-0.4945611267374805,-0.14909196565463795,-0.4898088667836574,-0.8900630441521487,-0.6458942654667499,-0.1338338304789427
-1.150439867115892,1.6205112346376598,-0.7197231866433484,-0.8900630441521487,-0.9533552015284148,-0.13383690471109583
1.8760849228230432,-0.07969576172160661,-0.899656132620498,-0.4587802141822303,1.3437667345644833,-0.13382399169317646
1.3624449454182632,-0.5134220363030522,1.509446088518004,-0.027497384212311918,1.6476936368783124,-0.13382062766789052
0.3351649906087028,0.3713795638430967,-0.799693384855415,1.5408038156783002,0.09271878783081242,-0.1338321902027336
-0.6921149642008574,-0.2531862715541848,-0.29987964602999956,-0.26274256419590375,-0.7766535141366534,-0.13383449739181758
-0.652604196708182,1.0653416031734098,-0.11994670005285013,-0.1059124442068426,-0.40911400436178963,-0.13383577058726523
-0.3365180567667789,-0.49607298531979444,-0.4898088667836574,-0.4587802141822303,-0.5752135905100454,-0.13383157290042721
-1.1978527881071026,2.4532656818340355,-0.6497492632077904,-0.8900630441521487,-0.8013917503715,-0.13383699397931215
-1.0161032576407956,-0.8430540049849509,-0.6897343623138236,-0.8900630441521487,-1.3244287450511136,-0.13383502982294077
1.192548645199759,0.2499362069602921,-0.14993552438237495,2.4425770056154024,1.0645780684855,-0.13382894701451087
-1.2057549416056375,2.106284662168879,-0.4898088667836574,-0.8900630441521487,-0.8225959528585113,-0.13383700520309535
1.4809772478962893,-0.11439386368812228,0.6097813586322564,0.9526908657193207,1.516934388208409,-0.13382534495034362
0.2956542231160274,-1.2594312285831386,-0.9396412317265312,-0.5371952741767609,-0.3242971944137442,-0.13375881411452106
1.3624449454182632,-0.02764860877183317,0.5098186108671733,2.089709235640014,1.393243207034176,-0.13382658312750337
0.41418652559405356,-0.7736578010519195,0.5098186108671733,0.5998230957439328,0.3931116563968067,-0.1338221172218272
-0.9054731086613046,-1.0859407187505605,-0.7297194614198569,-0.14511997420410794,-1.2890884075727613,-0.13383114081036587
-0.09945345181072653,-1.1726859736668496,-0.4298312181246076,-0.8900630441521487,-0.4797946793184942,-0.133805578881575
2.1921710627644466,-0.14909196565463795,-0.8696673082909732,0.2469553257685451,1.6229554006434657,-0.1338218370765883
-0.9607881831510502,-0.16644101663789573,-0.7297194614198569,-0.26274256419590375,-1.1512610914071872,-0.1338358958389619
-0.3365180567667789,-1.2594312285831386,-0.9496375065030396,0.20774779577127978,-0.8932766278152158,-0.1337917366781313
-0.42344174525066475,0.16319095204400297,0.2699080162309739,-0.5371952741767609,-0.25008248570920444,-0.13383422731865008
-1.1267334066202868,1.7593036425037225,-0.2898833712534913,-0.6940253941658221,-0.7519152779018068,-0.1338368680235369
0.8922668122554259,1.1347378071064411,0.48982606131415674,-0.8900630441521487,1.2024053846510736,-0.13383245255713147
-0.21798575428875272,-0.9506181210811494,0.08097842295496699,0.04307616978276552,-0.35999093526688,-0.13382403659464429
-0.644702043209647,-0.9818464128510135,-0.7896971100789066,-0.8900630441521487,-1.0558421802156364,-0.13382903634963098
0.8092942005208075,-0.3225824754872162,2.4091108184037515,0.6782381557384635,1.5098663207127385,-0.13382651097853385
-0.5143165104838182,-0.8083559030184352,-0.8496747587379565,-0.8900630441521487,-0.925082931545733,-0.133830253414051
1.330836331424123,-0.3746296284369896,1.5294386380710205,-0.06670491420957725,1.654761704373983,-0.13382309954452468
-1.0319075646378657,-0.16644101663789573,-0.6597455379842987,-0.8900630441521487,-1.1901354626333749,-0.13383621791242
1.8760849228230432,-0.14909196565463795,-0.9196486821735147,-0.49798774417949565,1.3225625320774714,-0.13382324806510057
-1.0200543343900632,-0.3572805774537319,-0.7896971100789066,-0.8900630441521487,-1.2643501713379146,-0.13383600473955368
-0.2574965217814281,-0.2011391186044114,-0.2698908217004747,0.1685402657740146,-0.3667055993877671,-0.13383258270207107
1.2834234104329123,0.3713795638430967,0.7097441063973394,1.4231812256865044,1.4745259832343862,-0.1338292271255879
1.7749373580417942,-0.14562215545798646,-0.7267205789869043,-0.20393126920000584,1.3010049262156762,-0.13382373748912454
-1.2057549416056375,2.2797751720014574,-0.4898088667836574,-0.8900630441521487,-0.787255615380159,-0.13383700520309535
-1.158342020614427,1.4123226228385661,1.0096323496925887,-0.6940253941658221,-0.3914438356226135,-0.1338369126068998
0.05858961815997504,-0.4093277304035053,-0.4698163172306408,-0.8900630441521487,-0.19707197949167604,-0.13382982199164964
-0.6130934292155067,1.7593036425037225,0.010004872041757928,-0.26274256419590375,-0.18646987824817046,-0.13383597635640693
-1.1267334066202868,2.331822324951231,0.9796435253630636,-0.6940253941658221,-0.18646987824817046,-0.13383688927669796
-1.1543909438651596,1.5858131326711444,-0.13993924960586668,-0.6156103341712915,-0.7589833453974771,-0.13383691079128468
-1.047711871634936,1.0653416031734098,-0.8896598578439897,-0.8900630441521487,-1.034637977728625,-0.13383665245571533
1.955106457808394,0.00704949319468251,-0.5197976911131823,1.1487285157056473,1.5664108606781024,-0.1338245027712049
-0.9884457203959229,-1.0512426167840447,-0.6497492632077904,-0.3803651541876997,-1.3279627787989485,-0.13383323278409995
-1.166244174112962,2.4532656818340355,-0.5897716145487405,-0.8900630441521487,-0.7519152779018068,-0.1338369490841794
0.17712192063800122,-1.2767802795663965,-0.9396412317265312,-0.8900630441521487,-0.4338522405966363,-0.13375058376168517
-1.2057549416056375,1.7350149711271616,0.9736457604971588,-0.8900630441521487,-0.3808417343791079,-0.13383700520309535
0.8092942005208075,-0.44402583237002097,1.70937158404817,-0.8900630441521487,1.237745722129426,-0.13382512495148993
1.3624449454182632,0.09379474811097163,1.1095950974576718,0.7958607457302593,1.6300234681391363,-0.13382745163276877
-0.6328488129618444,-0.11439386368812228,-0.7497120109728734,1.1487285157056473,-0.8544022565890284,-0.13383451882567035
1.3822003291646008,-0.5307710872863101,0.9796435253630636,0.011710145784953248,1.4745259832343862,-0.13382015786431167
0.9278265029988337,-0.2011391186044114,2.0092598273434192,0.8350682757275248,1.499264219469233,-0.13382705457579075
-1.1899506346085675,1.4123226228385661,3.0588686788767916,-0.8900630441521487,0.30476081270092603,-0.13383697433769684
0.9673372704915091,-0.2705353225374428,2.0092598273434192,0.7174456857357286,1.520468421956244,-0.13382622682033735
0.015127773918032054,2.1583318151186526,1.8393231561427783,3.0306899555743816,1.1034524397116874,-0.13383512591060237
1.4809772478962893,-0.44402583237002097,1.0096323496925887,0.1685402657740146,1.5911490969129485,-0.13382116486762144
-1.2057549416056375,2.800246701499192,1.70937158404817,-0.8900630441521487,0.0962528215786477,-0.13383700520309535
-1.1464887903666245,2.6267561916666136,1.209557845222755,-0.6940253941658221,-0.06277869707393752,-0.13383692468464914
0.3746757581013782,-1.2767802795663965,-0.9396412317265312,0.5606155657466676,-0.257150553204875,-0.13373823784148373
0.1810729973872688,-1.2420821775998807,-0.9596337812795478,0.5606155657466676,-0.43031820684880107,-0.13377509887805614
-0.38037500868364854,0.06256645634110759,-0.4078394136162893,-0.5019084971792221,-0.47166640169847324,-0.13383386759826113
0.5722295955647552,-0.010299557788575405,-0.4698163172306408,0.20774779577127978,0.34363518392711356,-0.13382988242350413
1.6785310853596662,-0.3052334245039584,-0.4198349433480993,2.9914824255771166,1.2907562283469542,-0.13382223030600912
-0.9370817226554449,-0.8430540049849509,-0.8896598578439897,-0.4587802141822303,-1.3244287450511136,-0.13383420674787638
-0.9647392599003177,-1.0685916677673026,-0.9696300560560562,-0.14511997420410794,-1.4233816899904999,-0.13383257513389393
-0.05994268431805114,0.30198335991006536,-0.22990572259444148,0.12933273577674925,-0.0733807983174431,-0.13383327563566286
-0.05994268431805114,0.7183605835082532,0.109967619806841,-0.3019500941931691,0.13159315905699998,-0.13383402154852778
-0.9686903366495851,0.3713795638430967,1.1095950974576718,-0.8900630441521487,-0.39851190311828405,-0.13383626443380892
-0.13896421930340191,-1.3635255344826855,0.30989311533700714,-0.8900630441521487,-0.29249089068322726,3.199628117158332
1.2044018754475614,-0.11439386368812228,0.8097068541624225,2.6386146556017285,1.3402327008166477,-0.13382654527047982
-1.091173715876879,2.7655485995326763,-0.16992807393539167,-0.8508555141548834,-0.4727266118228239,-0.13383685476666843
-0.3365180567667789,-1.1553369226835917,-0.9396412317265312,-0.6940253941658221,-0.8685383915803693,-0.13381437075199604
-1.0200543343900632,0.8918510933408315,-0.7597082857493818,-0.8900630441521487,-0.9992976402502726,-0.13383655884201207
-1.0161032576407956,-0.8083559030184352,-0.6597455379842987,-0.8900630441521487,-1.3067585763119374,-0.13383515328381462
1.850798031627731,-0.7094663124138657,-0.8956576227098948,-0.14904072720383446,1.1942771070310525,-0.13381167106635852
-1.1899506346085675,2.4532656818340355,-0.7397157361963651,-0.8900630441521487,-0.8261299866063465,-0.13383698275552897
1.0858695729695353,0.544870073675675,1.0096323496925887,1.5015962856810348,1.439185645756034,-0.1338304954118047
-0.652604196708182,-0.339931526470474,-0.4698163172306408,-0.34115762419043444,-0.8190619191106762,-0.13383407560908317
-0.4945611267374805,-0.7563087500686617,-0.7097269118668402,-0.8900630441521487,-0.8473341890933578,-0.1338306557638607
-1.1859995578593,1.7593036425037225,0.20993036757192407,-0.8900630441521487,-0.6282240967275738,-0.13383697090820573
1.3387384849226582,0.354030512859839,-0.30987592080650794,2.4817845356126673,1.1599969796770513,-0.13382897396714186
-1.166244174112962,2.106284662168879,-0.8696673082909732,-0.8900630441521487,-0.9215488977978976,-0.1338369434722906
0.8488049680134829,-0.2705353225374428,2.109222575108502,0.9918983957165859,1.4497877469995395,-0.13382681473212416
-0.9015220319120371,0.5101719717091594,-0.6797380875373153,-0.14511997420410794,-0.9427531002849089,-0.13383612496792127
1.6915696386322492,0.3713795638430967,0.34288082209948456,1.725079206665447,1.709892630840212,-0.1338279517677998
0.7302726655354568,0.04174759516119803,0.20993036757192407,0.7958607457302593,0.7359129299368236,-0.13382953654331747
-0.8580601876700941,0.0590966461444558,-0.9896226056090728,-0.8900630441521487,-1.1053186526853294,-0.13383568025019096
-1.0200543343900632,-0.6869125461356305,-0.6597455379842987,-0.8900630441521487,-1.285554373824926,-0.13383551733548826
-1.166244174112962,2.106284662168879,-0.6897343623138236,-0.8900630441521487,-0.8579362903368636,-0.1338369434722906
-0.05994268431805114,0.7183605835082532,0.109967619806841,-0.8900630441521487,0.13159315905699998,-0.13383402154852778
-0.7711364991862082,-0.7910068520351774,-0.7497120109728734,-0.34115762419043444,-1.1159207539288352,-0.13383288982652625
-0.9094241854105721,1.2388321130059878,0.5098186108671733,0.3645779157603411,-0.3808417343791079,-0.1338363878951509
1.9946172253010694,-0.3572805774537319,-0.9096524073970063,-0.8900630441521487,1.3897091732863405,-0.13381976317184524
-0.2219368310380203,-0.07969576172160661,-0.3198721955830162,0.20774779577127978,-0.3278312281615795,-0.13383285089031355
-0.3760288242594543,-0.39197867942024756,-0.5098014163366741,1.4231812256865044,-0.5964177929970567,-0.13383237539869292
1.6074117038728508,1.2388321130059878,0.010004872041757928,0.09012520577948392,1.6936360756001703,-0.13383114489300932
1.4849283246455567,-1.2767802795663965,-0.3398647451360328,-0.5371952741767609,0.9479549548069371,-0.13366885376995155
-0.9094241854105721,-0.19246459311278252,-0.03997650184078361,-0.34115762419043444,-0.8667713747064516,-0.133835633408781
2.0736387602864204,-1.2767802795663965,-0.9896226056090728,-0.8900630441521487,1.2448137896250964,-0.13363206292775123
-0.9686903366495851,0.02439854417794027,0.5098186108671733,2.246539355629076,-0.6812346029451022,-0.1338360792417188
-0.9489349529032475,0.28463430892680763,0.8097068541624225,-0.7528366891617201,-0.5045329155533409,-0.13383616046623426
-0.4420118059722223,-0.5273012770896585,-0.9556352713689445,0.623347613742292,-0.8406195249724709,-0.13383205393929243
-0.9331306459061772,2.81759575248245,-0.14993552438237495,-0.419572684184965,-0.31369509317023864,-0.13383665172376846
-1.1543909438651596,1.4990678777548552,-0.9396412317265312,-0.8900630441521487,-1.0593762139634715,-0.13383690793032246
-1.0082011041422605,1.0306435012068942,0.27990429100748215,-0.49798774417949565,-0.5928837592492215,-0.13383655787852386
-0.8541091109208264,-0.09704481270486452,-0.5197976911131823,0.5998230957439328,-0.9674913365197556,-0.13383549998752214
1.5995095503743155,-0.06234671073834885,0.6097813586322564,0.4429929757548716,1.6335575018869712,-0.13382531751380547
-0.9963478738944579,-0.7563087500686617,-0.5497865154427073,-0.22353503419863852,-1.2396119351030679,-0.13383513564598737
1.955106457808394,-1.3635255344826855,-0.9896226056090728,-0.8900630441521487,1.1211226084508634,9.743096690682616
1.1253803404622107,-0.39197867942024756,2.0092598273434192,-0.8900630441521487,1.6370915356348064,-0.13382399765739325
-0.9054731086613046,1.9327941523363008,0.7097441063973394,-0.8900630441521487,-0.16526567576115903,-0.1338365113566705
-0.9726414133988527,-0.2878843735207005,0.4398446874316152,-0.26274256419590375,-0.7731194803888181,-0.13383583032779664
0.9278265029988337,-0.2184881695876693,1.9092970795783362,2.403369475618137,1.460389848243045,-0.13382690380893877
-1.2057549416056375,2.2797751720014574,2.4091108184037515,-0.8900630441521487,0.23761417149205677,-0.13383700520309535
0.21663268813067663,-0.6522144441691149,-0.9896226056090728,0.050917675782218584,-0.28895685693539197,-0.13382616469255235
-1.2057549416056375,-0.8257049540016931,-0.9896226056090728,-0.8900630441521487,-1.5965493436344258,-0.13383700520309535
-0.7158214246964626,-0.6869125461356305,-0.6597455379842987,-0.8900630441521487,-1.0134337752416134,-0.13383307976515324
-0.9655294752501711,1.8720724738948982,0.25291434911090976,-0.30587084719289565,-0.3928574491217478,-0.13383660271164313
-1.0753694088798087,-0.06234671073834885,-0.6897343623138236,-0.8900630441521487,-1.2184077326160567,-0.1338364619724664
0.651251130550106,-0.07969576172160661,-0.38984611901857436,1.266351105697443,0.428451993875159,-0.13382916372916986
1.054260958975395,-0.07969576172160661,1.3595019668703794,2.168124295634545,1.4073793420255172,-0.13382746196248815
-0.3365180567667789,0.30198335991006536,-0.36985356946555775,0.5606155657466676,-0.3702396331356021,-0.1338341758760776
-0.38393097775798934,-0.9991954638342714,-0.5997678893252488,-0.027497384212311918,-0.7589833453974771,-0.13382477667675055
-0.46295251274334015,-1.3635255344826855,-0.7197231866433484,-0.8900630441521487,-0.9462871340327442,2.187242413330047
-0.6605063502067171,-0.09704481270486452,-0.6097641641017572,-0.8900630441521487,-0.8261299866063464,-0.13383467127333012
0.030932080915102293,-0.5654691892528257,-0.9896226056090728,-0.22353503419863852,-0.4373862743444716,-0.1338286044598176
-0.6130934292155067,-0.9471483108844978,-0.6997306370903319,-0.1059124442068426,-0.988695539006767,-0.1338292888807968
-1.0121521808915281,-0.5134220363030522,1.3595019668703794,-0.8900630441521487,-0.5292711517881875,-0.133835770588903
-1.0674672553812736,1.7593036425037225,-0.7896971100789066,-0.8900630441521487,-0.8756064590760396,-0.13383676513886805
0.9278265029988337,-0.2184881695876693,1.609408836283087,1.4231812256865044,1.3543688358079882,-0.13382690380893877
-0.6407509664603794,-0.6869125461356305,-0.8196859344084316,-0.8900630441521487,-1.0028316739981078,-0.13383247828675887
-1.166244174112962,1.2388321130059878,-0.21990944781793312,0.1685402657740146,-0.8685383915803693,-0.13383692289536941
-0.30490944277263854,-1.1726859736668496,-0.9596337812795478,0.12933273577674925,-0.850868222841193,-0.1338114151984288
1.5204880153889648,-0.2705353225374428,0.7097441063973394,0.6782381557384635,1.5558087594345962,-0.13382348323199897
-0.9568371064017825,-0.6869125461356305,-0.5597827902192156,-0.34115762419043444,-1.19366949638121,-0.1338350108273667
-1.0082011041422605,-1.0685916677673026,-0.9396412317265312,-0.22353503419863852,-1.4516539599731815,-0.13383337399883188
-0.6802617339530548,0.11114379909422939,-0.7197231866433484,1.3055586356947082,-0.8402661215976874,-0.1338350733933364
-1.2057549416056375,2.043828078629151,-0.9006557600981488,-0.8900630441521487,-0.9805672613867459,-0.13383700520309535
1.1253803404622107,-1.2767802795663965,-0.9796263308325646,-0.4587802141822303,0.40017972389247725,-0.1336913233447182
-1.166244174112962,-1.1900350246501072,-0.8396784839614482,-0.8900630441521487,-1.582413208643085,-0.13383577059872942
-1.0674672553812736,0.8918510933408315,-0.539790240666199,-0.8900630441521487,-0.9639573027719204,-0.13383667280654396
-0.6921149642008574,-0.23583722057092707,-0.9096524073970063,1.5408038156783002,-0.9886955390067669,-0.1338345359734702
0.3351649906087028,-1.2941293305496542,-0.9696300560560562,-0.3019500941931691,-0.3066270256745681,-0.13371663308297974
-0.6921149642008574,1.2388321130059878,0.109967619806841,-0.26274256419590375,-0.3278312281615795,-0.1338359352026583
-0.4155395917521297,1.0653416031734098,-0.059969051393800155,0.4037854457576063,-0.17586777700466485,-0.1338352414661952
-0.8027451131803486,-0.5134220363030522,-0.6997306370903319,-0.18432750420137317,-1.069978315206977,-0.1338344351898786
-0.7237235781949978,-1.2767802795663965,-0.9596337812795478,0.2469553257685451,-1.2466800025987386,-0.13380688115780381
-1.1385866368680895,2.0715865602023635,-0.7896971100789066,-0.8900630441521487,-0.8756064590760396,-0.1338368992007039
0.21663268813067663,-0.5828182402360835,-0.0699653261703086,2.560199595607198,0.05031038285678985,-0.13382712829134816
-1.0714183321305413,1.0653416031734098,0.6097813586322564,1.1879360457029124,-0.5257371180403523,-0.13383670536782233
-0.9173263389091072,-0.11439386368812228,0.7097441063973394,1.1095209857083816,-0.5928837592492215,-0.1338357534406676
-0.9410327994047124,-0.7736578010519195,0.20993036757192407,1.4231812256865044,-0.9250829315457328,-0.13383457228908324
1.164891107954886,-1.2594312285831386,-0.9896226056090728,-0.5371952741767609,0.4355200613708295,-0.133713545589557
0.8136403849450018,0.5639540297572585,-0.43382972803521097,1.725079206665447,0.6892636844653988,-0.13383132552682597
-0.9291795691569098,-1.1900350246501072,-0.9896226056090728,-0.8900630441521487,-1.4233816899904999,-0.13382836297253375
1.705398407254686,-0.2670655123407911,0.010004872041757928,0.348894903761435,1.4745259832343862,-0.13382261178293636
-1.2057549416056375,2.2797751720014574,-0.7597082857493818,-0.8900630441521487,-0.8826745265717101,-0.13383700520309535
-1.1859995578593,2.4532656818340355,-0.8596710335144647,-0.8900630441521487,-0.8650043578325339,-0.13383697714363738
2.6663002726765512,-1.3461764834994279,-0.9796263308325646,-0.8900630441521487,1.7643167505568744,-0.1326272018056891
0.3707246813521106,-1.2941293305496542,-0.9396412317265312,-0.4587802141822303,-0.2642186207005455,-0.13371385526482324
0.2956542231160274,-1.3635255344826855,-0.9896226056090728,-0.8900630441521487,-0.3631715656399318,4.557706500342617
0.7697834330281321,-1.3635255344826855,-0.9896226056090728,-0.8900630441521487,0.06091248410029543,6.039246554725475
0.8369517377656804,0.6489643795752218,2.0092598273434192,0.5998230957439328,1.591149096912949,-0.13383150264887259
-1.1859995578593,2.2450770700349416,-0.7297194614198569,-0.8900630441521487,-0.8614703240846987,-0.13383697552482327
-0.652604196708182,-1.3635255344826855,-0.9396412317265312,-0.419572684184965,-1.19366949638121,1.5946263915769043
-0.25354544503216053,-1.1553369226835917,-0.5677798100404222,-0.8900630441521487,-0.662857627456359,-0.13381221019075473
1.164891107954886,0.26728525794354985,0.8097068541624225,2.1289167656372796,1.3826411057906705,-0.1338291246792747
-0.9054731086613046,0.04174759516119803,-0.4998051415601657,-0.06670491420957725,-0.9780934377632612,-0.13383584679872162
-0.6130934292155067,-0.8083559030184352,-0.8396784839614482,-0.8508555141548834,-1.0098997414937783,-0.13383121795534306
0.7618812795295969,0.0590966461444558,1.6893790344951538,-0.18432750420137317,1.2907562283469542,-0.1338295071741592
-1.1859995578593,2.002190356269332,-0.639752988431282,-0.8900630441521487,-0.879140492823875,-0.13383697338309342
1.2044018754475614,-0.1317429146713802,1.309520592987838,1.5800113456755653,1.5134003544605734,-0.13382639794769272
-1.0872226391276114,-1.137987871700334,-0.9796263308325646,-0.4587802141822303,-1.5506069049125681,-0.13383415610952226
0.41418652559405356,-1.3635255344826855,-0.9896226056090728,0.050917675782218584,-0.257150553204875,4.928091513938331
1.9926416869264358,-1.3635255344826855,-0.9896226056090728,-0.8900630441521487,1.1546959290552983,9.86038527832126
-1.055614025133471,0.935223720798976,2.1422102818709794,-0.8900630441521487,0.0036611373853645923,-0.13383665112460744
1.2834234104329123,-1.2767802795663965,-0.9396412317265312,-0.6940253941658221,0.5556772087972272,-0.13368144660855705
-1.1859995578593,-0.5481201382695678,-0.7297194614198569,-0.8900630441521487,-1.4304497574861703,-0.1338368738611714
1.955106457808394,-0.2063438338993888,0.010004872041757928,0.415547704756786,1.7102460342149959,-0.13382219722875066
1.3229341779255879,0.3713795638430967,0.8097068541624225,0.9134833357220552,1.5452066581910906,-0.1338291036640402
-1.1859995578593,-1.335767052909473,1.0096323496925887,-0.8900630441521487,-0.9759730175145601,-0.13383314726699141
-1.106978022873949,1.7593036425037225,-0.8396784839614482,-0.8900630441521487,-0.9286169652935681,-0.1338368337286473
-0.6130934292155067,-0.49607298531979444,-0.6197604388782654,-0.419572684184965,-0.8685383915803693,-0.13383330136036709
-0.21798575428875272,0.28463430892680763,0.5098186108671733,0.050917675782218584,0.04324231536111929,-0.13383375621516802
0.011176697168764597,0.30198335991006536,0.9996360749160802,-0.1059124442068426,0.4249179601273237,-0.1338330441452705
1.3229341779255879,0.3713795638430967,0.4098558631020902,2.4817845356126673,1.4038453082776816,-0.1338291036640402
0.9594351169929739,-0.14909196565463795,-0.2698908217004747,-0.8900630441521487,0.7323788961889885,-0.1338273399317862
-0.395784208005792,-0.49607298531979444,-0.47981259200714915,0.09012520577948392,-0.6246900629797385,-0.13383194328470005
-0.3760288242594543,-1.0165445148175292,-0.3598572946890495,0.6782381557384635,-0.6706325017015965,-0.13382404179243654
0.3944311418477159,0.5101719717091594,2.179196498544061,1.8152565256591575,1.2271436208859203,-0.13383237539471227
-0.12711098905559928,0.4407757677761281,1.6194051110595953,-0.34115762419043444,0.5486091413015569,-0.1338337643373426
0.7658323562788645,-0.1317429146713802,-0.47981259200714915,0.28616285576581046,0.48853056758835794,-0.13382832812039713
-1.1741463276114972,1.3602754698887924,1.2895280434348213,-0.8900630441521487,-0.3172291269180739,-0.13383694229272972
0.7302726655354568,0.2499362069602921,2.5090735661688344,-0.8900630441521487,1.5911490969129485,-0.1338305002403171
0.9673372704915091,-0.2878843735207005,2.0092598273434192,0.6390306257411982,1.516934388208409,-0.13382605297573455
-0.8304026504252213,0.02439854417794027,1.0096323496925887,-0.8900630441521487,-0.3808417343791079,-0.1338355390975825
1.4019557129109386,0.04174759516119803,0.8097068541624225,1.2271435757001778,1.5487406919389257,-0.13382694537563947
-0.8699134179178967,-0.7216106481021461,-0.8396784839614482,-0.26274256419590375,-1.2219417663638918,-0.1338341689291253
1.5797541666279777,-1.311478381532912,-0.9796263308325646,-0.5764028041740262,0.7995255373978575,-0.1335468799466206
-0.5775337384720988,-0.8777521069514665,-0.4898088667836574,-0.49798774417949565,-0.8685383915803693,-0.13382999436894813
-0.9963478738944579,-0.14909196565463795,-0.36985356946555775,0.9918983957165859,-1.052308146467801,-0.13383607042320597
0.8883157355061583,-0.49607298531979444,-0.539790240666199,1.0703134557111165,0.5026667025796988,-0.13382391829212212
-0.7316257316935328,-1.2767802795663965,-0.929644956950023,-0.419572684184965,-1.2431459688509032,-0.13380737499461187
0.41418652559405356,-0.16644101663789573,0.9096696019275056,0.011710145784953248,0.6581641874844489,-0.13382966908543878
-0.7316257316935328,1.7593036425037225,-0.2898833712534913,-0.6156103341712915,-0.39851190311828405,-0.13383618212574463
1.5046837083918942,0.3366814618765812,-0.8796635830674815,0.7566532157329942,1.1034524397116867,-0.13382836289493014
1.1253803404622107,0.1978890540105185,0.9096696019275056,2.168124295634545,1.3685049707993293,-0.133828911613643
-1.0872226391276114,0.11114379909422939,2.7089990616990005,-0.8900630441521487,0.007901977882767025,-0.13383656945653316
-1.20180386485637,2.2797751720014574,-0.4898088667836574,-0.8900630441521487,-0.7837215816323237,-0.13383699932397095
1.4019557129109386,0.544870073675675,0.4098558631020902,1.1095209857083816,1.5098663207127385,-0.1338295975095577
1.164891107954886,0.7183605835082532,-0.38984611901857436,3.0306899555743816,1.0504419334941588,-0.13383083212467967
-0.652604196708182,-0.2184881695876693,-0.9396412317265312,0.3253703857630758,-0.960423269024085,-0.13383438632312883
-1.1780974043607648,-1.3635255344826855,0.4098558631020902,-0.8900630441521487,-1.1866014288855395,-0.04741383536409539
-0.09945345181072653,0.3366814618765812,0.20993036757192407,0.3645779157603411,0.05384441660462487,-0.13383347773037485
-0.020431916825375745,0.3366814618765812,0.4098558631020902,0.20774779577127978,0.19520576651803395,-0.1338332257680377
-1.0674672553812736,-1.2073840756333651,-0.76970456052589,-0.419572684184965,-1.4728581624601929,-0.13383220396922912
-0.252755229682307,0.47373896464431786,0.2749061536192281,-0.2666633171956303,-0.032386006842554584,-0.13383419321754547
0.7895388167744698,-0.04499765975509108,-0.8896598578439897,0.28616285576581046,0.3825095551533011,-0.13382880151073767
-0.9884457203959229,0.07644569712771386,-0.9396412317265312,-0.8900630441521487,-1.2007375638768807,-0.1338361870845731
0.2956542231160274,0.7183605835082532,-0.5797753397722323,2.011294175645484,0.20580786776153978,-0.1338330955867654
-0.9923967971451904,0.11114379909422939,-0.929644956950023,-0.8900630441521487,-1.19366949638121,-0.13383622085928343
-1.1346355601188218,0.3713795638430967,1.309520592987838,-0.6273725931704711,-0.47626064557065917,-0.13383678297230941
-1.0358586413871333,-0.42667678138676307,1.1095950974576718,-0.811647984157618,-0.6211560292319034,-0.13383602208420084
-0.5340718942301559,-0.07969576172160661,-0.5098014163366741,1.2271435757001778,-0.6741665354494317,-0.1338341689252925
-1.1188312531217517,-1.2420821775998807,-0.9396412317265312,0.1685402657740146,-1.5859472423909202,-0.13383312503457437
-0.9410327994047124,-1.1553369226835917,-0.4698163172306408,-0.027497384212311918,-1.2431459688509032,-0.13383011198389694
-1.1899506346085675,1.4470207248050817,3.0588686788767916,-0.8900630441521487,0.3118288801965963,-0.13383697471875092
-0.9054731086613046,-0.738959699085404,-0.9196486821735147,0.7566532157329942,-1.285554373824926,-0.1338343987972767
-1.150439867115892,0.8918510933408315,1.409483340752921,-0.6940253941658221,-0.34903543064859094,-0.1338368722444748
-1.1267334066202868,0.1978890540105185,1.0096323496925887,-0.8508555141548834,-0.6105539279883977,-0.13383673084413086
0.6117403630574305,0.02439854417794027,-0.38984611901857436,0.011710145784953248,0.4143158588838181,-0.13382990616587523
-0.020431916825375745,0.544870073675675,0.010004872041757928,-0.027497384212311918,0.0962528215786477,-0.13383363806966914
1.2439126429402367,-0.3052334245039584,1.9092970795783362,-0.811647984157618,1.725442379330687,-0.13382445666036458
-0.7197725014457301,-0.23583722057092707,-0.3598572946890495,-0.8900630441521487,-0.8190619191106759,-0.13383466893198848
-0.7316257316935328,-0.6695634951523727,-0.7896971100789066,-0.3019500941931691,-1.069978315206977,-0.133833301362219
-1.0832715623783438,0.3713795638430967,0.8097068541624225,-0.8900630441521487,-0.6070198942405624,-0.13383662247229736
0.7500280492817945,0.04174759516119803,-0.08995787572332514,1.0311059257138513,0.6475620862409429,-0.13382946033250342
0.17712192063800122,-0.5307710872863101,0.4098558631020902,0.9918983957165859,0.19520576651803395,-0.13382800280832544
-0.8264515736759539,-0.8951011579347243,-0.8696673082909732,-0.8900630441521487,-1.2290098338595623,-0.13383261547104433
1.2044018754475614,-0.6522144441691149,-0.059969051393800155,0.3645779157603411,0.9232167185720904,-0.1338186365602308
-0.8620112644193616,-1.3461764834994279,-0.9896226056090728,-0.811647984157618,-1.395109420007818,-0.133729604289244
1.2162551056953639,-0.6175163422025992,1.5894162867300705,0.5606155657466676,1.524002455704079,-0.13381940477787663
0.14551330664386103,0.8571529913743159,-0.23990199737094975,2.011294175645484,0.21994400275288062,-0.13383370646414516
-0.4155395917521297,0.8918510933408315,0.109967619806841,0.6390306257411982,-0.1511295407698182,-0.1338351057942303
-0.652604196708182,-0.8430540049849509,-0.6897343623138236,-0.8900630441521487,-0.9992976402502726,-0.13383124367764448
1.8077312950607147,-0.18725987781780512,-0.8206855618860824,-0.22745578719836507,1.288635808098253,-0.13382311669605435
1.1253803404622107,-1.2941293305496542,-0.9796263308325646,-0.4587802141822303,0.39664569014464196,-0.1336549037906128
-1.1859995578593,2.713501446582903,0.22992291712494062,-0.6940253941658221,-0.4267841731009658,-0.13383697893466584
-1.1859995578593,1.9327941523363008,0.8097068541624225,-0.8900630441521487,-0.3808417343791079,-0.13383697271319897
-0.4155395917521297,-1.3635255344826855,-0.9896226056090728,-0.8900630441521487,-0.9992976402502726,2.3353964187683323
0.9673372704915091,-0.2705353225374428,2.0092598273434192,0.7174456857357286,1.520468421956244,-0.13382622682033735
0.9728687779404837,-1.018279419915855,-0.29987964602999956,1.5800113456755653,0.5567374189215778,-0.13380279594510222
-0.6130934292155067,-0.9818464128510135,-0.6897343623138236,-0.7332329241630875,-0.9922295727546022,-0.13382858740014
0.3549203743550405,0.14237209086409341,-0.38484798163032025,1.481992520682402,0.2104021116337254,-0.13383138685010687
-0.17847498679607732,0.31933241089332315,0.30989311533700714,0.4037854457576063,0.01497004537843758,-0.13383369592459857
0.6473000538008383,-0.06234671073834885,2.5290661157218515,2.403369475618137,1.460389848243045,-0.13382928474355035
-1.166244174112962,1.7593036425037225,1.309520592987838,-0.8900630441521487,-0.2218102157265227,-0.1338369366133161
-1.0714183321305413,1.9327941523363008,-0.7197231866433484,-0.8900630441521487,-0.8190619191106762,-0.1338367842718
-1.0437607948856684,1.3776245208720506,0.45983723698463175,-0.49798774417949565,-0.490396780562,-0.1338366848280754
-0.9884457203959229,-1.1900350246501072,-0.539790240666199,0.28616285576581046,-1.317360677555443,-0.13383021487908267
1.9946172253010694,-0.2705353225374428,-0.16992807393539167,-0.22353503419863852,1.6688978393653235,-0.13382113158485176
-1.055614025133471,1.4123226228385661,-0.8796635830674815,-0.6940253941658221,-0.9674913365197555,-0.13383671198180952
-0.6170445059647742,-0.8257049540016931,0.42984841265510676,-0.8900630441521487,-0.5681455230143748,-0.133831071096751
-0.028334070323910797,-0.3746296284369896,1.8993008048018276,0.9918983957165859,0.5698133437885683,-0.13383055055160925
1.2597169499373069,-0.7042615971188884,0.4098558631020902,-0.22353503419863852,1.128190675946534,-0.13381673155043972
1.2360104894417017,0.5795681756421905,-0.4398274929011159,2.79544477559079,1.068112102233335,-0.13383019277053496
1.2834234104329123,-0.3746296284369896,1.1095950974576718,1.6584264056700961,1.4639238819908806,-0.13382335946337645
-0.2819931976268869,0.3713795638430967,0.05198922610309281,-0.20393126920000584,-0.15819760826548873,-0.13383411867210926
1.156988954456351,0.5275210226924172,0.6297739081852729,2.677822185598994,1.3649709370514944,-0.13383023180753179
-1.1978527881071026,1.9327941523363008,0.5098186108671733,-0.8900630441521487,-0.49746484805767033,-0.1338369922071368
-1.0793204856290763,-1.0512426167840447,-0.9896226056090728,-0.34115762419043444,-1.5294027024255565,-0.13383481034113437
-0.6605063502067171,-1.224733126616623,-0.9596337812795478,-0.419572684184965,-1.179533361389869,-0.1338157083310245
-0.6921149642008574,-1.120638820717076,-0.6097641641017572,-0.8900630441521487,-1.0629102477113068,-0.13382554098694274
-0.8896688016642345,-0.8430540049849509,0.7097441063973394,0.28616285576581046,-0.7165749404234545,-0.13383371290283771
-0.020431916825375745,0.4407757677761281,-0.2598945469239664,0.011710145784953248,-0.02037029209991494,-0.13383344381215825
-1.1543909438651596,0.7183605835082532,1.609408836283087,-0.8900630441521487,-0.3172291269180739,-0.133836871453063
0.8053431237715399,0.9959453992403783,0.6897515568443229,2.5209920656099323,1.1670650471727213,-0.13383238447188706
-0.09155129831219148,-0.8604030559682087,-0.799693384855415,-0.6156103341712915,-0.5398732530316931,-0.13382499966129446
-1.1859995578593,1.5858131326711444,1.1095950974576718,-0.8900630441521487,-0.34550139690075565,-0.13383696889086047
-0.4550503592448051,0.544870073675675,-0.03997650184078361,-0.6548178641685568,-0.3101610594224034,-0.13383487268525876
-1.0872226391276114,0.1978890540105185,-0.4898088667836574,-0.8900630441521487,-1.1053186526853294,-0.13383659366464862
-0.8699134179178967,-1.0165445148175292,0.4798297865376483,1.7368414656646267,-0.8155278853628408,-0.1338317581083049
-0.05994268431805114,-0.5654691892528257,-0.6997306370903319,-0.34115762419043444,-0.4161820718574602,-0.1338292217668316
1.1253803404622107,-0.06234671073834885,1.409483340752921,1.6976339356673613,1.4921961519735623,-0.1338272928979108
-0.3760288242594543,0.02439854417794027,-0.1899206234884082,-0.8900630441521487,-0.39851190311828405,-0.13383376433827748
1.2202061824446315,-1.1553369226835917,-0.929644956950023,-0.027497384212311918,0.5274049388145454,-0.13377383450775454
0.8962178890046935,0.21523810499377627,-0.4698163172306408,-0.26274256419590375,0.6793683899714601,-0.13382978745178764
0.8488049680134829,-0.3052334245039584,2.2091853228735854,0.9918983957165859,1.4780600169822211,-0.13382648061886954
-1.1306844833695544,0.02439854417794027,-0.5098014163366741,-0.7724404541603528,-1.1866014288855395,-0.13383671198199276
-1.1464887903666245,1.9327941523363008,0.20993036757192407,-0.8900630441521487,-0.5575434217708692,-0.13383690773340623
-0.9410327994047124,1.8633979484032697,0.499822336090665,-0.18432750420137317,-0.2854228231875567,-0.13383656047580916
-0.9844946436466554,-1.2594312285831386,-0.929644956950023,-0.5371952741767609,-1.4657900949645226,-0.13382548230583177
-0.05994268431805114,-0.5828182402360835,-0.8096896596319232,-0.8900630441521487,-0.458590476831483,-0.13382904880196567
-0.3760288242594543,-0.9991954638342714,-0.36985356946555775,0.7174456857357286,-0.6706325017015965,-0.13382465909476648
0.8922668122554259,-1.2767802795663965,-0.9796263308325646,-0.3803651541876997,0.19167173277019892,-0.13370589153055593
-0.5735826617228312,-0.49607298531979444,-0.4998051415601657,-0.4587802141822303,-0.7907896491279943,-0.13383305443751853
1.8760849228230432,-0.2011391186044114,-0.8796635830674815,-0.6940253941658221,1.3260965658253066,-0.13382263207476647
-1.0504776253594232,-0.06234671073834885,-0.4188353158704485,-0.49798774417949565,-1.10037100543836,-0.13383635826480084
-0.7316257316935328,-1.2767802795663965,-0.9396412317265312,-0.4587802141822303,-1.2466800025987386,-0.13380737499461187
1.3667911298424575,-0.47698902923821074,1.209557845222755,-0.8900630441521487,1.552981532436328,-0.133821274139141
1.441466480403614,-0.14909196565463795,1.409483340752921,-0.8900630441521487,1.7572486830612042,-0.13382518817430497
-1.1859995578593,1.5858131326711444,1.1095950974576718,-0.8900630441521487,-0.34550139690075565,-0.13383696889086047
-0.3365180567667789,-0.9471483108844978,-0.22990572259444148,2.9522748955798512,-0.5752135905100454,-0.1338256879303908
-1.2057549416056375,2.2797751720014574,-0.4898088667836574,-0.8900630441521487,-0.787255615380159,-0.13383700520309535
-0.8936198784135019,-1.2941293305496542,-0.9496375065030396,-0.811647984157618,-1.3986434537556531,-0.1338126221326104
-0.8106472666788836,-0.5134220363030522,-0.6797380875373153,-0.5371952741767609,-1.069978315206977,-0.1338344855822946
1.2320594126924342,-0.6869125461356305,1.4594647146354625,0.4429929757548716,1.4780600169822218,-0.13381747298365756
1.0463588054768598,0.11114379909422939,0.9096696019275056,3.0306899555743816,1.2801541271034487,-0.13382872601841403
-0.4945611267374805,-0.7563087500686617,-0.7097269118668402,-0.8900630441521487,-0.8473341890933578,-0.1338306557638607
-0.09945345181072653,-0.8951011579347243,-0.9596337812795478,-0.7332329241630875,-0.6105539279883977,-0.13382420181794655
-1.1543909438651596,0.8918510933408315,1.309520592987838,-0.8900630441521487,-0.38790980187477847,-0.13383688174151914
-0.8264515736759539,-0.92979925990124,-0.6897343623138236,-0.8900630441521487,-1.1724652938941986,-0.13383226429388498
2.034127992793745,-0.2184881695876693,-0.8096896596319232,1.0311059257138513,1.4886621182257267,-0.13382166604900575
-0.8343537271744887,0.02439854417794027,-0.6897343623138236,-0.8900630441521487,-0.9851615052589318,-0.1338355545302721
1.1372335707100132,-0.39197867942024756,0.7497292055033725,1.0311059257138513,1.2024053846510732,-0.13382393151733038
1.3624449454182632,-0.010299557788575405,0.7097441063973394,1.0311059257138513,1.4674579157387155,-0.1338267167436858
-0.9631588292006106,-0.92979925990124,0.15994899368938253,-0.8900630441521487,-0.9943499930033033,-0.13383397299657954
0.8092942005208075,-0.2705353225374428,1.509446088518004,1.2271435757001778,1.2024053846510736,-0.13382701070271974
-1.1780974043607648,2.2797751720014574,-0.7397157361963651,-0.6940253941658221,-0.8508682228411931,-0.13383696404922454
-1.1982478957820293,1.4695744910833166,-0.20691429060847233,-0.7489159361619936,-0.8455671722194402,-0.13383699083830466
0.41418652559405356,-0.6522144441691149,-0.7197231866433484,0.1685402657740146,-0.01683625835207941,-0.13382465906608804
1.3229341779255879,0.2499362069602921,0.8097068541624225,1.4623887556837696,1.520468421956244,-0.1338285089251809
-1.166244174112962,2.2797751720014574,-0.7297194614198569,-0.8900630441521487,-0.8367320878498521,-0.13383694641185134
1.441466480403614,-0.6175163422025992,1.209557845222755,0.011710145784953248,1.5911490969129485,-0.13381776819673885
0.05858961815997504,-0.634865393185857,-0.9396412317265312,-0.4587802141822303,-0.40911400436178963,-0.13382759862197208
-0.8541091109208264,-1.224733126616623,-0.9896226056090728,-0.6548178641685568,-1.3633031162773008,-0.13382327026386126
-1.106978022873949,1.7593036425037225,-0.8396784839614482,-0.8900630441521487,-0.9286169652935681,-0.1338368337286473
-0.3760288242594543,-0.09704481270486452,0.30989311533700714,-0.027497384212311918,-0.2465484519613694,-0.13383345357084395
-1.1030269461246816,2.7828976505159337,2.0192561021199276,-0.8900630441521487,0.29415871145742045,-0.1338368708933837
0.5327188280720797,0.1458419010607449,0.4098558631020902,1.8544640556564227,0.6510961199887784,-0.133830761171729
0.49320806057940436,-1.2767802795663965,-0.9396412317265312,-0.8900630441521487,-0.1511295407698182,-0.13373083028936286
-1.1859995578593,2.4532656818340355,-0.5297939658896907,-0.6940253941658221,-0.7483812441539714,-0.13383697714363738
1.441466480403614,-0.14909196565463795,0.8097068541624225,2.168124295634545,1.5452066581910906,-0.13382518817430497
0.6156914398066982,0.4754738697426436,-0.7297194614198569,0.4037854457576063,0.38957762264897167,-0.13383163579019644
-0.9524909219775882,-1.1483973022902885,-0.9786267033549138,-0.5724820511742997,-1.4318633709853044,-0.13383062308269
-1.114880176372484,-1.120638820717076,-0.9796263308325646,0.050917675782218584,-1.5718111073995795,-0.1338349769186991
0.3351649906087028,-1.2594312285831386,-0.9596337812795478,-0.8900630441521487,-0.29602492443106254,-0.1337567564542954
1.334392300498464,-0.12480329427807706,1.1525790789966575,1.9093545976525939,1.5755993484224742,-0.13382588848079194
-0.6605063502067171,0.16319095204400297,-0.04997277661729188,-0.34115762419043444,-0.5752135905100454,-0.1338350691018153
0.3351649906087028,-1.2767802795663965,-0.9696300560560562,-0.18432750420137317,-0.30309299192673284,-0.133740707025524
